scenario,arm,AUROC,AUPRC,BCE,theta0,beta,ΔBCE_β0,ΔBCE_shuffle,CF_age,CF_lag,SurfRMSE,mech_class,S5_acute,S5_inter,S5_chron,S5_mean,S5_order_ok
S0,dtr_temporal_only_new,0.7333671675479299,0.5296744906169825,0.48065413651519356,-0.058247774839401245,0.0,,,0.084145483117387,0.11527290162915764,0.14982459476293244,PARTIAL_RECOVERY,,,,,
S0,dtr_age_temporal_new,0.7303832933167871,0.5258811395212892,0.48251928657496657,-0.05895509943366051,0.0018794552888721228,6.889267063492355e-07,0.007785567082242484,0.09861166967821862,0.12005579078620213,0.1387288761444996,PARTIAL_RECOVERY,,,,,
S1,dtr_temporal_only_new,0.7398615507952973,0.5370116114737802,0.4813835606098634,-0.09293084591627121,0.0,,,0.14057474988484797,0.12055292439021775,0.1687406901127546,NO_MECHANISM_RECOVERY,,,,,
S1,dtr_age_temporal_new,0.7418724216394751,0.5387366741996715,0.48036948812748687,-0.07940160483121872,0.026522744446992874,1.8733997281805692e-06,0.01000625738418931,0.13283742387116215,0.12008513964136351,0.17008527728097408,NO_MECHANISM_RECOVERY,,,,,
S2,dtr_temporal_only_new,0.7577090463428859,0.5689695664492664,0.46254313003898545,-0.10930411517620087,0.0,,,0.17737379595297495,0.18411855417566345,0.23606079048992756,NO_MECHANISM_RECOVERY,,,,,
S2,dtr_age_temporal_new,0.7605760485882068,0.5765216901925238,0.45861258257578463,-0.08818068355321884,-0.6151092648506165,0.00693988838749976,0.020081041761893625,0.1422413997058967,0.16559003100876837,0.20129356921286942,NO_MECHANISM_RECOVERY,,,,,
S3,dtr_temporal_only_new,0.7300447487616853,0.5216313028330678,0.49174351382582887,-0.09999409317970276,0.0,,,0.13165708257709263,0.08871320340831129,0.1474016910069131,NO_MECHANISM_RECOVERY,,,,,
S3,dtr_age_temporal_new,0.7316429610500008,0.5292604671667173,0.48893703058364735,-0.10524936020374298,0.5879891514778137,0.0059354988307182,0.017630162593909926,0.13172860001266043,0.09053549587890017,0.1463232409961427,NO_MECHANISM_RECOVERY,,,,,
S5,dtr_temporal_only_new,0.767722120258647,0.5828031276527126,0.46245544839907,-0.07813110947608948,0.0,,,0.2808290468868344,0.2513119557212716,0.21856636930937073,PARTIAL_HETEROGENEOUS_PERSISTENCE_RECOVERY,0.20413436917665456,0.20195412643437216,0.18051580460683486,0.19553476673928719,True
S5,dtr_age_temporal_new,0.7715588994733654,0.5871485765613361,0.4587765905144403,-0.07368983328342438,-0.47958698868751526,0.0045278847305751935,0.021540489737606194,0.25380677903359844,0.21901929771793652,0.18263960579390823,PARTIAL_HETEROGENEOUS_PERSISTENCE_RECOVERY,0.18671418409365337,0.19893398159539127,0.14907206731992934,0.178240077669658,True
