task,model,seed,correct_BCE,constant_age_BCE,shuffled_age_BCE,delta_constant_mean,delta_shuffle_mean,delta_constant_se,delta_shuffle_se,delta_constant_median,delta_shuffle_median,delta_constant_frac_pos,delta_shuffle_frac_pos
T0,no_age,0,0.141127495790243,0.141127495790243,0.141127495790243,0.0,0.0,0.0,0.0,0.0,0.0,0.0,0.0
T0,temporal_only,0,0.1432293728349087,0.1432293728349087,0.1432293728349087,0.0,0.0,0.0,0.0,0.0,0.0,0.0,0.0
T0,late_age,0,0.1405523742481349,0.1404147689770592,0.1401856444781092,-0.0001376052710756,-0.0003667297700257,0.00013039044391,0.0001786341039742,3.278510121162981e-07,-4.174798959866166e-07,0.5070521861777151,0.4858956276445698
T0,age_temporal,0,0.1453717353936404,0.145744832772132,0.1478858680235174,0.0003730973784916,0.002514132629877,0.0007416990743633,0.0009875504164426,-3.0697610782226548e-06,6.854897947050631e-07,0.4746121297602256,0.5091678420310296
T1,no_age,0,0.2450962261614652,0.2450962261614652,0.2450962261614652,0.0,0.0,0.0,0.0,0.0,0.0,0.0,0.0
T1,temporal_only,0,0.2297443527042922,0.2297443527042922,0.2297443527042922,0.0,0.0,0.0,0.0,0.0,0.0,0.0,0.0
T1,late_age,0,0.2471916816644442,0.2472649134298954,0.2472873263712332,7.323176545115274e-05,9.56447067889234e-05,4.16716839053913e-05,6.180182018444435e-05,-2.8458889573812485e-06,-8.069328032433987e-07,0.4816643159379407,0.4922425952045134
T1,age_temporal,0,0.2382296755577981,1.2846860139742715,1.658611294827339,1.0464563384164736,1.4203816192695409,0.0490954979930069,0.0605518866706114,0.1113216790836304,0.2167983055114746,0.844851904090268,0.7320169252468265
T2,no_age,0,0.2289499012246595,0.2289499012246595,0.2289499012246595,0.0,0.0,0.0,0.0,0.0,0.0,0.0,0.0
T2,temporal_only,0,0.2609915674372385,0.2609915674372385,0.2609915674372385,0.0,0.0,0.0,0.0,0.0,0.0,0.0,0.0
T2,late_age,0,0.235216483529153,0.2352321844333341,0.2352804296029904,1.5700904181068144e-05,6.39460738373944e-05,5.080668513427966e-05,7.480445549777269e-05,-5.711335688829422e-07,2.066532033495605e-06,0.4992947813822285,0.5098730606488011
T2,age_temporal,0,0.2244714758878492,0.9449177320362055,1.5374750396620902,0.7204462561483563,1.3130035637742412,0.039887620209163,0.074900579808303,0.0380919225644902,0.0406394228339195,0.7997179125528914,0.6889985895627645
T0,no_age,1,0.1529695532209485,0.1529695532209485,0.1529695532209485,0.0,0.0,0.0,0.0,0.0,0.0,0.0,0.0
T0,temporal_only,1,0.1646838666047765,0.1646838666047765,0.1646838666047765,0.0,0.0,0.0,0.0,0.0,0.0,0.0,0.0
T0,late_age,1,0.108974980295496,0.1089906461344767,0.1089198077057194,1.5665838980679946e-05,-5.517258977654759e-05,8.532901780551849e-05,0.0001133160758899,0.0,0.0,0.4873060648801128,0.4830747531734838
T0,age_temporal,1,0.1518266404785212,0.1522861188538373,0.1529638250738883,0.000459478375316,0.001137184595367,0.0004326789741752,0.0005854643526353,-1.639156380406348e-06,-2.980304998345673e-07,0.461212976022567,0.4880112834978843
T1,no_age,1,0.6964438548797612,0.6964438548797612,0.6964438548797612,0.0,0.0,0.0,0.0,0.0,0.0,0.0,0.0
T1,temporal_only,1,0.2094188980278921,0.2094188980278921,0.2094188980278921,0.0,0.0,0.0,0.0,0.0,0.0,0.0,0.0
T1,late_age,1,0.6964705152429209,0.6964695111064212,0.6964657132438947,-1.004136499800366e-06,-4.80199902619226e-06,3.7270425741063222e-06,5.337364951265113e-06,-1.0818243026733398e-05,-4.4405460357666016e-06,0.4816643159379407,0.4880112834978843
T1,age_temporal,1,0.2272064595543626,0.2941943726293049,0.3289931195386871,0.0669879130749422,0.1017866599843244,0.0090083528146168,0.0124503551245985,0.0032671280205249,0.0023719877353869,0.6650211565585331,0.6234132581100141
T2,no_age,1,0.2308188705944299,0.2308188705944299,0.2308188705944299,0.0,0.0,0.0,0.0,0.0,0.0,0.0,0.0
T2,temporal_only,1,0.2214066201966242,0.2214066201966242,0.2214066201966242,0.0,0.0,0.0,0.0,0.0,0.0,0.0,0.0
T2,late_age,1,0.2223191440653608,0.2223360143347882,0.222284801373385,1.6870269427412258e-05,-3.4342691975833564e-05,6.702291443714091e-05,9.656719789882082e-05,-5.690380930900574e-07,-9.554496500641108e-07,0.4992947813822285,0.4964739069111424
T2,age_temporal,1,0.238914438500795,0.2794931590333452,0.4087614564762541,0.0405787205325502,0.1698470179754591,0.0081372595562164,0.0161213437758252,0.0052979439496994,0.0045462129637598,0.6629055007052186,0.6234132581100141
T0,no_age,2,0.132117817207498,0.132117817207498,0.132117817207498,0.0,0.0,0.0,0.0,0.0,0.0,0.0,0.0
T0,temporal_only,2,0.1434062801852051,0.1434062801852051,0.1434062801852051,0.0,0.0,0.0,0.0,0.0,0.0,0.0,0.0
T0,late_age,2,0.152645002592358,0.1526253647907889,0.152623675245796,-1.963780156916297e-05,-2.132734656202566e-05,2.0833654236493067e-05,2.958430733896548e-05,0.0,0.0,0.4950634696755994,0.4880112834978843
T0,age_temporal,2,0.1522798017826112,0.1519646056554066,0.1517883235866657,-0.0003151961272045,-0.0004914781959455,0.0003029999325162,0.0004732724095361,1.788150711945491e-07,8.940787665778772e-08,0.5091678420310296,0.5021156558533145
T1,no_age,2,0.2068713283789846,0.2068713283789846,0.2068713283789846,0.0,0.0,0.0,0.0,0.0,0.0,0.0,0.0
T1,temporal_only,2,0.2137595086553737,0.2137595086553737,0.2137595086553737,0.0,0.0,0.0,0.0,0.0,0.0,0.0,0.0
T1,late_age,2,0.2164511684803174,0.2165241771980963,0.2164432821766486,7.30087177789204e-05,-7.886303668711676e-06,3.430486900742433e-05,4.937288324011325e-05,-2.0613661035895348e-06,-1.9739381968975067e-06,0.4809590973201692,0.4823695345557123
T1,age_temporal,2,0.17748789709453,1.756760274597428,1.9820114773841035,1.5792723775028978,1.8045235802895736,0.066875145198635,0.0764829014926319,0.076410920577473,0.0872053918428719,0.814527503526093,0.693935119887165
T2,no_age,2,0.6930622117980074,0.6930622117980074,0.6930622117980074,0.0,0.0,0.0,0.0,0.0,0.0,0.0,0.0
T2,temporal_only,2,0.2189594541373307,0.2189594541373307,0.2189594541373307,0.0,0.0,0.0,0.0,0.0,0.0,0.0,0.0
T2,late_age,2,0.693080289029268,0.6931007197192425,0.6930651884573303,2.0430689974463373e-05,-1.5100571937722447e-05,3.169891919783735e-05,4.420393814389195e-05,-1.4603137969970703e-06,1.0371208190917969e-05,0.4992947813822285,0.5056417489421721
T2,age_temporal,2,0.1961212700395135,1.4230812594177953,2.044982725316788,1.226959989378282,1.8488614552772749,0.0625698044439004,0.0842196060916363,0.061221755517181,0.1020828860346227,0.8300423131170663,0.7242595204513399
T0,no_age,3,0.1520415920502793,0.1520415920502793,0.1520415920502793,0.0,0.0,0.0,0.0,0.0,0.0,0.0,0.0
T0,temporal_only,3,0.1423771780805016,0.1423771780805016,0.1423771780805016,0.0,0.0,0.0,0.0,0.0,0.0,0.0,0.0
T0,late_age,3,0.1494060873733803,0.1493565750272047,0.149341956162532,-4.951234617556559e-05,-6.413121084827218e-05,2.90044051343762e-05,3.993468809351773e-05,5.96055542700924e-08,8.941060514189304e-08,0.5007052186177715,0.5063469675599436
T0,age_temporal,3,0.1447457964780124,0.144298106655656,0.1444268436332222,-0.0004476898223564,-0.0003189528447902,0.0003865198710562,0.0004865131741507,0.0,2.98027771350462e-08,0.4922425952045134,0.5
T1,no_age,3,0.6972419837718286,0.6972419837718286,0.6972419837718286,0.0,0.0,0.0,0.0,0.0,0.0,0.0,0.0
T1,temporal_only,3,0.2430426022475149,0.2430426022475149,0.2430426022475149,0.0,0.0,0.0,0.0,0.0,0.0,0.0,0.0
T1,late_age,3,0.6973113489083747,0.6972930968564387,0.6973399748166627,-1.8252051935881923e-05,2.862590828802757e-05,5.2915670189239504e-05,7.531781827408049e-05,-0.0001541674137115,2.80141830444336e-06,0.4816643159379407,0.5007052186177715
T1,age_temporal,3,0.2147584573670643,1.7521094028426107,2.094355347169408,1.5373509454755463,1.879596889802344,0.072330873804847,0.0815792853030142,0.1068450808525085,0.1897799968719482,0.8229901269393513,0.7235543018335684
T2,no_age,3,0.2689190033340678,0.2689190033340678,0.2689190033340678,0.0,0.0,0.0,0.0,0.0,0.0,0.0,0.0
T2,temporal_only,3,0.2408121586179594,0.2408121586179594,0.2408121586179594,0.0,0.0,0.0,0.0,0.0,0.0,0.0,0.0
T2,late_age,3,0.252908706339109,0.253043264210387,0.2530711651152481,0.000134557871278,0.000162458776139,6.687614792582885e-05,9.845223448789956e-05,-3.0314549803733826e-07,-8.111586794257164e-06,0.4992947813822285,0.4788434414668547
T2,age_temporal,3,0.1918758015271267,1.890496419685609,2.4754933620542365,1.6986206181584822,2.28361756052711,0.0854825194482068,0.0990041157321534,0.0133707288478035,0.0954660419374704,0.7905500705218618,0.7059238363892807
T0,no_age,4,0.1450137563921853,0.1450137563921853,0.1450137563921853,0.0,0.0,0.0,0.0,0.0,0.0,0.0,0.0
T0,temporal_only,4,0.1474055628222589,0.1474055628222589,0.1474055628222589,0.0,0.0,0.0,0.0,0.0,0.0,0.0,0.0
T0,late_age,4,0.1418334667677747,0.1418230380053737,0.1418288040568051,-1.0428762401054168e-05,-4.662710969630735e-06,3.549599061110365e-05,4.825538404069086e-05,5.960464477539064e-08,5.960828275419773e-08,0.5007052186177715,0.5035260930888575
T0,age_temporal,4,0.1530235072439816,0.1529095100240633,0.1531155099189516,-0.0001139972199182,9.200267497006188e-05,0.0004455244094248,0.0006359965703987,-3.576299150154228e-07,4.768414783029584e-07,0.4802538787023977,0.5239774330042313
T1,no_age,4,0.2374867078805717,0.2374867078805717,0.2374867078805717,0.0,0.0,0.0,0.0,0.0,0.0,0.0,0.0
T1,temporal_only,4,0.2369719626036996,0.2369719626036996,0.2369719626036996,0.0,0.0,0.0,0.0,0.0,0.0,0.0,0.0
T1,late_age,4,0.2577657199368416,0.2581986029060288,0.2582170353623474,0.0004328829691871,0.0004513154255057,0.0001008200449407,0.0001486839250945,-1.0611489415168762e-05,5.764886736869812e-07,0.4816643159379407,0.5021156558533145
T1,age_temporal,4,0.2482639842970451,1.2794015083100727,1.6612591721933725,1.0311375240130274,1.4129951878963274,0.04879019839704,0.062030469866889,0.1499926019459962,0.2076838798820972,0.8363892806770099,0.7362482369534555
T2,no_age,4,0.2328768391683481,0.2328768391683481,0.2328768391683481,0.0,0.0,0.0,0.0,0.0,0.0,0.0,0.0
T2,temporal_only,4,0.245151551878927,0.245151551878927,0.245151551878927,0.0,0.0,0.0,0.0,0.0,0.0,0.0,0.0
T2,late_age,4,0.2418144933061635,0.2416945932122287,0.2417833165441145,-0.0001199000939348,-3.1176762048999696e-05,8.186714083458939e-05,0.0001106484409246,-1.7939601093530658e-07,1.1955853551626205e-07,0.4992947813822285,0.5021156558533145
T2,age_temporal,4,0.2142284548511806,0.6408265110617046,1.3033654326221018,0.4265980562105239,1.0891369777709212,0.0234951892375659,0.0578253743632734,0.0472510001272894,0.0421962583604909,0.7863187588152327,0.6840620592383639
