task,model,seed,BCE,AUROC,AUPRC,accuracy,beta_true,beta_hat,lambda0_hat,lambda0_true,n_params,best_epoch,attn_pearson,attn_spearman,attn_mae,attn_js,correct_BCE,constant_age_BCE,shuffled_age_BCE,delta_constant_mean,delta_constant_se,delta_constant_median,delta_constant_frac_pos,delta_shuffle_mean,delta_shuffle_se,delta_shuffle_median,delta_shuffle_frac_pos
T0,no_age,0,0.1411275118589401,0.9888747533751028,0.988373426128418,0.9428772919605076,0.0,,,0.5,81156,19,0.0223195494673496,0.0124252804083551,0.0947747537205648,0.0708399892437555,0.141127495790243,0.141127495790243,0.141127495790243,0.0,0.0,0.0,0.0,0.0,0.0,0.0,0.0
T0,temporal_only,0,0.1432293802499771,0.9878295217219047,0.9877161292791078,0.933709449929478,0.0,,0.6515038013458252,0.5,81156,19,0.0108529984557195,0.0113607361139095,0.1160339182894135,0.0729693514361063,0.1432293728349087,0.1432293728349087,0.1432293728349087,0.0,0.0,0.0,0.0,0.0,0.0,0.0,0.0
T0,late_age,0,0.1405523717403412,0.9891853364949104,0.98894639000384,0.9393511988716502,0.0,,,0.5,81156,22,0.0078902139802068,0.0123648330982604,0.134462098047912,0.0890016310201636,0.1405523742481349,0.1404147689770592,0.1401856444781092,-0.0001376052710756,0.00013039044391,3.278510121162981e-07,0.5070521861777151,-0.0003667297700257,0.0001786341039742,-4.174798959866166e-07,0.4858956276445698
T0,age_temporal,0,0.1453717350959777,0.9879091584192912,0.9876524037357334,0.9358251057827928,0.0,0.1831836700439453,0.6601830124855042,0.5,81156,23,0.0094961318296261,0.0119181946403385,0.1327083462873962,0.093834371791295,0.1453717353936404,0.145744832772132,0.1478858680235174,0.0003730973784916,0.0007416990743633,-3.0697610782226548e-06,0.4746121297602256,0.002514132629877,0.0009875504164426,6.854897947050631e-07,0.5091678420310296
T1,no_age,0,0.2450962215662002,0.9654894548348588,0.9692464177872404,0.9090267983074752,1.0,,,0.5,81156,23,0.0222313711643254,0.023121096111223,0.1687633550780851,0.1680365300402756,0.2450962261614652,0.2450962261614652,0.2450962261614652,0.0,0.0,0.0,0.0,0.0,0.0,0.0,0.0
T1,temporal_only,0,0.2297443598508834,0.9708555511341028,0.9723309849812636,0.9083215796897038,1.0,,1.7877813577651978,0.5,81156,12,0.0250686046118092,0.0266001746255624,0.1483953989921099,0.1293789317381846,0.2297443527042922,0.2297443527042922,0.2297443527042922,0.0,0.0,0.0,0.0,0.0,0.0,0.0,0.0
T1,late_age,0,0.247191697359085,0.9653979307600478,0.968904564511718,0.9062059238363892,1.0,,,0.5,81156,13,0.0227439615412114,0.0228625159513735,0.1702631526900335,0.1728592979026689,0.2471916816644442,0.2472649134298954,0.2472873263712332,7.323176545115274e-05,4.16716839053913e-05,-2.8458889573812485e-06,0.4816643159379407,9.56447067889234e-05,6.180182018444435e-05,-8.069328032433987e-07,0.4922425952045134
T1,age_temporal,0,0.2382296621799469,0.9790131317150814,0.9807246775535972,0.9153737658674188,1.0,1.621686935424805,0.3107709586620331,0.5,81156,9,0.0060415958491829,0.0039592988112029,0.078071491854825,0.0392857822826839,0.2382296755577981,1.2846860139742715,1.658611294827339,1.0464563384164736,0.0490954979930069,0.1113216790836304,0.844851904090268,1.4203816192695409,0.0605518866706114,0.2167983055114746,0.7320169252468265
T2,no_age,0,0.2289498895406723,0.9689657439673878,0.9680012019199994,0.8984485190409027,-1.0,,,0.5,81156,26,-0.0061675457766786,-0.011125663241319,0.1266422698775372,0.0919600500095197,0.2289499012246595,0.2289499012246595,0.2289499012246595,0.0,0.0,0.0,0.0,0.0,0.0,0.0,0.0
T2,temporal_only,0,0.2609915435314178,0.9601212997886022,0.9604334775487686,0.8935119887165022,-1.0,,1.1871711015701294,0.5,81156,14,-0.007047661048067,-0.00841560883874,0.1327946434874316,0.0988497980330134,0.2609915674372385,0.2609915674372385,0.2609915674372385,0.0,0.0,0.0,0.0,0.0,0.0,0.0,0.0
T2,late_age,0,0.2352164983749389,0.9701811327822244,0.9689515357690172,0.8998589562764457,-1.0,,,0.5,81156,17,-0.0066929895534972,-0.0139599704479817,0.155205666570673,0.1301155897534935,0.235216483529153,0.2352321844333341,0.2352804296029904,1.5700904181068144e-05,5.080668513427966e-05,-5.711335688829422e-07,0.4992947813822285,6.39460738373944e-05,7.480445549777269e-05,2.066532033495605e-06,0.5098730606488011
T2,age_temporal,0,0.2244714647531509,0.976730285297581,0.977565120866326,0.8977433004231312,-1.0,-2.816737651824951,0.021911833435297,0.5,81156,27,0.0036781427902256,-0.0002787292632144,0.1173801492946364,0.0854853398891757,0.2244714758878492,0.9449177320362055,1.5374750396620902,0.7204462561483563,0.039887620209163,0.0380919225644902,0.7997179125528914,1.3130035637742412,0.074900579808303,0.0406394228339195,0.6889985895627645
T0,no_age,1,0.152969554066658,0.9878295217219046,0.9877105671601532,0.9351198871650211,0.0,,,0.5,81156,12,-0.0019650843487822,-0.0070589025455033,0.1266604239250231,0.091054504079271,0.1529695532209485,0.1529695532209485,0.1529695532209485,0.0,0.0,0.0,0.0,0.0,0.0,0.0,0.0
T0,temporal_only,1,0.1646838635206222,0.9862805879577368,0.986151757200556,0.9322990126939352,0.0,,0.583879828453064,0.5,81156,10,0.0072876187510513,0.0113506615622271,0.1537341526683917,0.1254458898093176,0.1646838666047765,0.1646838666047765,0.1646838666047765,0.0,0.0,0.0,0.0,0.0,0.0,0.0,0.0
T0,late_age,1,0.1089749783277511,0.9933801995297452,0.9933021072649773,0.9464033850493652,0.0,,,0.5,81156,19,-0.0136101063093583,-0.0046309355900329,0.097391187094682,0.0722979671127065,0.108974980295496,0.1089906461344767,0.1089198077057194,1.5665838980679946e-05,8.532901780551849e-05,0.0,0.4873060648801128,-5.517258977654759e-05,0.0001133160758899,0.0,0.4830747531734838
T0,age_temporal,1,0.1518266499042511,0.9865891801601095,0.984725777804734,0.9358251057827928,0.0,0.0988890305161476,0.6721703410148621,0.5,81156,23,0.0086194574937307,0.0118140909396198,0.1392481934256392,0.10112238400287,0.1518266404785212,0.1522861188538373,0.1529638250738883,0.000459478375316,0.0004326789741752,-1.639156380406348e-06,0.461212976022567,0.001137184595367,0.0005854643526353,-2.980304998345673e-07,0.4880112834978843
T1,no_age,1,0.6964438557624817,0.4981904098686829,0.5157361860385752,0.5063469675599436,1.0,,,0.5,81156,1,0.0161472190071949,0.0206091745583988,0.0463702036060211,0.0124545566163233,0.6964438548797612,0.6964438548797612,0.6964438548797612,0.0,0.0,0.0,0.0,0.0,0.0,0.0,0.0
T1,temporal_only,1,0.2094188928604126,0.9737763629128532,0.9753369803410676,0.9097320169252467,1.0,,2.079862356185913,0.5,81156,24,0.0253952618748861,0.0226643831016186,0.1279367329254969,0.0934275410824042,0.2094188980278921,0.2094188980278921,0.2094188980278921,0.0,0.0,0.0,0.0,0.0,0.0,0.0,0.0
T1,late_age,1,0.6964705586433411,0.4978939514524473,0.5154184984675134,0.5063469675599436,1.0,,,0.5,81156,1,0.0161491095850424,0.0206091745583988,0.0463690630879072,0.0124537511818789,0.6964705152429209,0.6964695111064212,0.6964657132438947,-1.004136499800366e-06,3.7270425741063222e-06,-1.0818243026733398e-05,0.4816643159379407,-4.80199902619226e-06,5.337364951265113e-06,-4.4405460357666016e-06,0.4880112834978843
T1,age_temporal,1,0.2272064685821533,0.969466772781536,0.9711932153951456,0.9040902679830748,1.0,1.0299738645553589,1.278400421142578,0.5,81156,21,0.0215081522606224,0.0219155080932231,0.1412937746559122,0.122347217399543,0.2272064595543626,0.2941943726293049,0.3289931195386871,0.0669879130749422,0.0090083528146168,0.0032671280205249,0.6650211565585331,0.1017866599843244,0.0124503551245985,0.0023719877353869,0.6234132581100141
T2,no_age,1,0.2308188676834106,0.9710916781730116,0.969550112880366,0.8984485190409027,-1.0,,,0.5,81156,29,0.0040154610509599,-0.0111961851030962,0.1627746035370523,0.1497039583605983,0.2308188705944299,0.2308188705944299,0.2308188705944299,0.0,0.0,0.0,0.0,0.0,0.0,0.0,0.0
T2,temporal_only,1,0.2214066237211227,0.9715778336989462,0.9711478924168936,0.9012693935119888,-1.0,,1.4613388776779177,0.5,81156,30,0.0033689950803785,-0.0123312512593189,0.1493999141313274,0.1292721880496619,0.2214066201966242,0.2214066201966242,0.2214066201966242,0.0,0.0,0.0,0.0,0.0,0.0,0.0,0.0
T2,late_age,1,0.2223191559314727,0.971434377969982,0.9712157526519226,0.9040902679830748,-1.0,,,0.5,81156,24,0.0036864095896138,-0.0110752904829068,0.1661753938738999,0.156519399401781,0.2223191440653608,0.2223360143347882,0.222284801373385,1.6870269427412258e-05,6.702291443714091e-05,-5.690380930900574e-07,0.4992947813822285,-3.4342691975833564e-05,9.656719789882082e-05,-9.554496500641108e-07,0.4964739069111424
T2,age_temporal,1,0.2389144301414489,0.966307828100188,0.9653944638047688,0.8935119887165022,-1.0,-1.3706727027893066,1.3053464889526367,0.5,81156,22,0.0052346709549454,-0.0086305326079656,0.152277708530625,0.1292423871783037,0.238914438500795,0.2794931590333452,0.4087614564762541,0.0405787205325502,0.0081372595562164,0.0052979439496994,0.6629055007052186,0.1698470179754591,0.0161213437758252,0.0045462129637598,0.6234132581100141
T0,no_age,2,0.1321178078651428,0.9907362611765128,0.990592130368992,0.9379407616361072,0.0,,,0.5,81156,26,0.0138256873394396,0.0090670965142051,0.1175357231031675,0.0801559504883565,0.132117817207498,0.132117817207498,0.132117817207498,0.0,0.0,0.0,0.0,0.0,0.0,0.0,0.0
T0,temporal_only,2,0.1434062719345092,0.98815205034632,0.9879791893841982,0.9365303244005642,0.0,,0.7935760617256165,0.5,81156,13,-0.0007493035698476,-0.0087782926993082,0.1252298326721826,0.0827222864679883,0.1434062801852051,0.1434062801852051,0.1434062801852051,0.0,0.0,0.0,0.0,0.0,0.0,0.0,0.0
T0,late_age,2,0.1526449918746948,0.98699930915165,0.9863329241914368,0.9344146685472496,0.0,,,0.5,81156,14,0.0091454249530168,0.0100544025790852,0.1287428061734654,0.0851525310945075,0.152645002592358,0.1526253647907889,0.152623675245796,-1.963780156916297e-05,2.0833654236493067e-05,0.0,0.4950634696755994,-2.132734656202566e-05,2.958430733896548e-05,0.0,0.4880112834978843
T0,age_temporal,2,0.152279794216156,0.988590052181946,0.988404494231011,0.9322990126939352,0.0,0.0763014480471611,0.6876797676086426,0.5,81156,9,0.0032713647231022,0.0032675129290079,0.1224110026308948,0.0726595193153989,0.1522798017826112,0.1519646056554066,0.1517883235866657,-0.0003151961272045,0.0003029999325162,1.788150711945491e-07,0.5091678420310296,-0.0004914781959455,0.0004732724095361,8.940787665778772e-08,0.5021156558533145
T1,no_age,2,0.2068713158369064,0.9743036211699164,0.9769695543979052,0.9069111424541608,1.0,,,0.5,81156,30,0.0094007067517473,0.01329505003694,0.1061819148553157,0.1026881079798944,0.2068713283789846,0.2068713283789846,0.2068713283789846,0.0,0.0,0.0,0.0,0.0,0.0,0.0,0.0
T1,temporal_only,2,0.2137595117092132,0.972984480700358,0.975073691708469,0.91114245416079,1.0,,1.2939187288284302,0.5,81156,21,0.0144038728918449,0.0135267647256363,0.1211418308021151,0.0888074641066944,0.2137595086553737,0.2137595086553737,0.2137595086553737,0.0,0.0,0.0,0.0,0.0,0.0,0.0,0.0
T1,late_age,2,0.2164511531591415,0.9722542777556704,0.974519042191091,0.9076163610719324,1.0,,,0.5,81156,17,-0.0003730700592605,3.358183894149781e-05,0.1161704737716124,0.1167472401003254,0.2164511684803174,0.2165241771980963,0.2164432821766486,7.30087177789204e-05,3.430486900742433e-05,-2.0613661035895348e-06,0.4809590973201692,-7.886303668711676e-06,4.937288324011325e-05,-1.9739381968975067e-06,0.4823695345557123
T1,age_temporal,2,0.1774882376194,0.982932749701552,0.9793442792378452,0.9386459802538788,1.0,3.3333070278167725,0.9095950722694396,0.5,81156,24,0.0054176916762237,0.0034051984686681,0.1106647378309897,0.0840704933227309,0.17748789709453,1.756760274597428,1.9820114773841035,1.5792723775028978,0.066875145198635,0.076410920577473,0.814527503526093,1.8045235802895736,0.0764829014926319,0.0872053918428719,0.693935119887165
T2,no_age,2,0.6930621862411499,0.4890704666495317,0.4815582731238496,0.5176304654442877,-1.0,,,0.5,81156,1,-0.0014598906370039,-0.0045839210155148,0.049592222976991,0.0129187707927776,0.6930622117980074,0.6930622117980074,0.6930622117980074,0.0,0.0,0.0,0.0,0.0,0.0,0.0,0.0
T2,temporal_only,2,0.2189594507217407,0.9699619643074178,0.9681452324617086,0.8913963328631875,-1.0,,1.4631516933441162,0.5,81156,23,-0.0051680618423879,-0.014393176170327,0.130380081340186,0.0900357592694526,0.2189594541373307,0.2189594541373307,0.2189594541373307,0.0,0.0,0.0,0.0,0.0,0.0,0.0,0.0
T2,late_age,2,0.6930803060531616,0.4881937927503054,0.4811462361500714,0.5183356840620592,-1.0,,,0.5,81156,1,-0.0014622062637644,-0.0045839210155148,0.049590967871178,0.0129178496706369,0.693080289029268,0.6931007197192425,0.6930651884573303,2.0430689974463373e-05,3.169891919783735e-05,-1.4603137969970703e-06,0.4992947813822285,-1.5100571937722447e-05,4.420393814389195e-05,1.0371208190917969e-05,0.5056417489421721
T2,age_temporal,2,0.1961212754249572,0.9867203828674012,0.986554202050135,0.921015514809591,-1.0,-2.089129686355591,0.393395721912384,0.5,81156,18,-0.0002078037248625,0.0016253610047686,0.0948891198522779,0.0560996223076324,0.1961212700395135,1.4230812594177953,2.044982725316788,1.226959989378282,0.0625698044439004,0.061221755517181,0.8300423131170663,1.8488614552772749,0.0842196060916363,0.1020828860346227,0.7242595204513399
T0,no_age,3,0.1520415842533111,0.9871088096105566,0.9870539057743796,0.930888575458392,0.0,,,0.5,81156,17,-0.0020661464459111,-0.0048995903015649,0.111359304631175,0.0657893398262475,0.1520415920502793,0.1520415920502793,0.1520415920502793,0.0,0.0,0.0,0.0,0.0,0.0,0.0,0.0
T0,temporal_only,3,0.1423771679401397,0.9884805517230396,0.9882850543074768,0.933709449929478,0.0,,0.8328410983085632,0.5,81156,13,0.0030324257010961,0.0026126670696487,0.144383768442433,0.1071302698958421,0.1423771780805016,0.1423771780805016,0.1423771780805016,0.0,0.0,0.0,0.0,0.0,0.0,0.0,0.0
T0,late_age,3,0.1494060903787613,0.9889942084211826,0.9887054012443448,0.9407616361071932,0.0,,,0.5,81156,11,-0.0069250709686171,-0.0106890993350795,0.0987564863997965,0.0540981436375925,0.1494060873733803,0.1493565750272047,0.149341956162532,-4.951234617556559e-05,2.90044051343762e-05,5.96055542700924e-08,0.5007052186177715,-6.413121084827218e-05,3.993468809351773e-05,8.941060514189304e-08,0.5063469675599436
T0,age_temporal,3,0.1447457820177078,0.9885263428240368,0.9882494141261812,0.9365303244005642,0.0,0.0927571728825569,0.8090118765830994,0.5,81156,12,0.003259842820514,-0.0013096917187185,0.1260341602877787,0.0775050253957326,0.1447457964780124,0.144298106655656,0.1444268436332222,-0.0004476898223564,0.0003865198710562,0.0,0.4922425952045134,-0.0003189528447902,0.0004865131741507,2.98027771350462e-08,0.5
T1,no_age,3,0.697242021560669,0.4741116195781933,0.4867594332351597,0.501410437235543,1.0,,,0.5,81156,4,-0.0133423815193536,-2.35072872590521e-05,0.1071290366229411,0.0569274648242115,0.6972419837718286,0.6972419837718286,0.6972419837718286,0.0,0.0,0.0,0.0,0.0,0.0,0.0,0.0
T1,temporal_only,3,0.2430426180362701,0.9670851571826504,0.9695447796690462,0.8808180535966149,1.0,,2.079678058624268,0.5,81156,13,0.0265640688474454,0.0237793001544764,0.1299231150189621,0.0963599633870261,0.2430426022475149,0.2430426022475149,0.2430426022475149,0.0,0.0,0.0,0.0,0.0,0.0,0.0,0.0
T1,late_age,3,0.6973114013671875,0.4707530839633904,0.4850731730853421,0.4978843441466855,1.0,,,0.5,81156,4,-0.0133588821982949,-2.35072872590521e-05,0.1040963812639291,0.0540358493631781,0.6973113489083747,0.6972930968564387,0.6973399748166627,-1.8252051935881923e-05,5.2915670189239504e-05,-0.0001541674137115,0.4816643159379407,2.862590828802757e-05,7.531781827408049e-05,2.80141830444336e-06,0.5007052186177715
T1,age_temporal,3,0.214758351445198,0.977216474333466,0.97914592008986,0.916784203102962,1.0,2.345796823501587,0.6371111869812012,0.5,81156,21,0.0087514680545076,0.0094801531331855,0.0831176834724825,0.0509665710765725,0.2147584573670643,1.7521094028426107,2.094355347169408,1.5373509454755463,0.072330873804847,0.1068450808525085,0.8229901269393513,1.879596889802344,0.0815792853030142,0.1897799968719482,0.7235543018335684
T2,no_age,3,0.2689189910888672,0.958856099956764,0.957955330782258,0.8956276445698167,-1.0,,,0.5,81156,29,-0.0049545262352677,-0.0097185841896702,0.1202337957478096,0.0778245276520611,0.2689190033340678,0.2689190033340678,0.2689190033340678,0.0,0.0,0.0,0.0,0.0,0.0,0.0,0.0
T2,temporal_only,3,0.2408121824264526,0.966176327015304,0.9654897999892372,0.9026798307475318,-1.0,,1.5862118005752563,0.5,81156,11,0.0035803526517723,-0.0051984686681442,0.1221642160449821,0.0845396068644083,0.2408121586179594,0.2408121586179594,0.2408121586179594,0.0,0.0,0.0,0.0,0.0,0.0,0.0,0.0
T2,late_age,3,0.252908706665039,0.9633311217241786,0.9611587227930612,0.8977433004231312,-1.0,,,0.5,81156,22,-0.004384157521654,-0.010588353818255,0.1198922745872438,0.0797916750165484,0.252908706339109,0.253043264210387,0.2530711651152481,0.000134557871278,6.687614792582885e-05,-3.0314549803733826e-07,0.4992947813822285,0.000162458776139,9.845223448789956e-05,-8.111586794257164e-06,0.4788434414668547
T2,age_temporal,3,0.1918758451938629,0.9797747346567124,0.9796873026078904,0.923836389280677,-1.0,-3.41614294052124,0.7036011815071106,0.5,81156,26,0.0081418031469793,0.0037981059842837,0.1154123460889375,0.0899105742572144,0.1918758015271267,1.890496419685609,2.4754933620542365,1.6986206181584822,0.0854825194482068,0.0133707288478035,0.7905500705218618,2.28361756052711,0.0990041157321534,0.0954660419374704,0.7059238363892807
T0,no_age,4,0.1450137645006179,0.9886438069526818,0.9885143605538164,0.9351198871650211,0.0,,,0.5,81156,19,0.0043439664565525,0.0059271945731748,0.1400276963234603,0.0964147746950623,0.1450137563921853,0.1450137563921853,0.1450137563921853,0.0,0.0,0.0,0.0,0.0,0.0,0.0,0.0
T0,temporal_only,4,0.1474055498838424,0.9873974926385828,0.9870783244410152,0.933709449929478,0.0,,0.8822228312492371,0.5,81156,14,0.0054912256393184,0.0083383706091745,0.1415096863106529,0.0994323793652029,0.1474055628222589,0.1474055628222589,0.1474055628222589,0.0,0.0,0.0,0.0,0.0,0.0,0.0,0.0
T0,late_age,4,0.1418334543704986,0.9888588260356256,0.9887347130622628,0.9330042313117066,0.0,,,0.5,81156,19,0.004674601765353,0.0079656121969239,0.1426210793879096,0.1005615112872712,0.1418334667677747,0.1418230380053737,0.1418288040568051,-1.0428762401054168e-05,3.549599061110365e-05,5.960464477539064e-08,0.5007052186177715,-4.662710969630735e-06,4.825538404069086e-05,5.960828275419773e-08,0.5035260930888575
T0,age_temporal,4,0.1530235111713409,0.9866907169492776,0.9859410005495588,0.933709449929478,0.0,0.1080313324928283,0.95289146900177,0.5,81156,18,0.004765207775831,0.0100577607629793,0.1400870793982642,0.0960690461059468,0.1530235072439816,0.1529095100240633,0.1531155099189516,-0.0001139972199182,0.0004455244094248,-3.576299150154228e-07,0.4802538787023977,9.200267497006188e-05,0.0006359965703987,4.768414783029584e-07,0.5239774330042313
T1,no_age,4,0.237486720085144,0.9685216872264224,0.9711489116834168,0.9040902679830748,1.0,,,0.5,81156,18,0.0262511901034594,0.0234871381556854,0.1301308782260818,0.1213919831739264,0.2374867078805717,0.2374867078805717,0.2374867078805717,0.0,0.0,0.0,0.0,0.0,0.0,0.0,0.0
T1,temporal_only,4,0.2369719445705413,0.968899721448468,0.9707715838560792,0.8913963328631875,1.0,,1.915737986564636,0.5,81156,12,0.0257486461419125,0.0222278191953791,0.1264193627724709,0.0908469304145521,0.2369719626036996,0.2369719626036996,0.2369719626036996,0.0,0.0,0.0,0.0,0.0,0.0,0.0,0.0
T1,late_age,4,0.2577657103538513,0.962707918822125,0.9646034729518488,0.8829337094499294,1.0,,,0.5,81156,15,0.02798975928171,0.0234602726845322,0.1319555027775969,0.1189337928679084,0.2577657199368416,0.2581986029060288,0.2582170353623474,0.0004328829691871,0.0001008200449407,-1.0611489415168762e-05,0.4816643159379407,0.0004513154255057,0.0001486839250945,5.764886736869812e-07,0.5021156558533145
T1,age_temporal,4,0.2482639849185943,0.9836092319936331,0.9849893603133416,0.8815232722143864,1.0,1.908179521560669,0.3761115968227386,0.5,81156,11,0.0047692561157078,0.0091745583988179,0.0728064463826093,0.0409796995478246,0.2482639842970451,1.2794015083100727,1.6612591721933725,1.0311375240130274,0.04879019839704,0.1499926019459962,0.8363892806770099,1.4129951878963274,0.062030469866889,0.2076838798820972,0.7362482369534555
T2,no_age,4,0.2328768372535705,0.968501505288934,0.9672961158349878,0.8998589562764457,-1.0,,,0.5,81156,22,-0.0015853784301237,-0.0110752904829068,0.1183759258892113,0.1098240301861348,0.2328768391683481,0.2328768391683481,0.2328768391683481,0.0,0.0,0.0,0.0,0.0,0.0,0.0,0.0
T2,temporal_only,4,0.2451515346765518,0.9654072449128008,0.9660406464840224,0.8998589562764457,-1.0,,0.9637554883956908,0.5,81156,25,-0.0039982971217353,-0.0051951104842501,0.1357891436786619,0.1266386133099415,0.245151551878927,0.245151551878927,0.245151551878927,0.0,0.0,0.0,0.0,0.0,0.0,0.0,0.0
T2,late_age,4,0.2418144941329956,0.9666784220666792,0.9657709612206204,0.9012693935119888,-1.0,,,0.5,81156,25,-0.0030468286511852,-0.0094364967425616,0.1109478407635326,0.0767272632149814,0.2418144933061635,0.2416945932122287,0.2417833165441145,-0.0001199000939348,8.186714083458939e-05,-1.7939601093530658e-07,0.4992947813822285,-3.1176762048999696e-05,0.0001106484409246,1.1955853551626205e-07,0.5021156558533145
T2,age_temporal,4,0.2142284661531448,0.9729984439038288,0.9735504185374296,0.9040902679830748,-1.0,-2.592050075531006,-0.0309810433536767,0.5,81156,25,0.0010369137803607,-0.0016387937403452,0.1073966404331486,0.0761341113536946,0.2142284548511806,0.6408265110617046,1.3033654326221018,0.4265980562105239,0.0234951892375659,0.0472510001272894,0.7863187588152327,1.0891369777709212,0.0578253743632734,0.0421962583604909,0.6840620592383639
