age,lambda_final,lambda_init,delta_lambda,lambda_stage1_adult_extrapolated,z_P,note
0.0,-1.1152186691761017,-1.616810917854309,0.5015922486782074,-1.3006554587296626,-1.0,lambda0/beta are single scalars shared across heads (not per-head)
0.1,-1.1141924291849137,-1.616810917854309,0.5026184886693954,-1.3011546304634491,-0.9888888888888889,lambda0/beta are single scalars shared across heads (not per-head)
0.2,-1.1131661891937257,-1.616810917854309,0.5036447286605834,-1.3016538021972357,-0.9777777777777779,lambda0/beta are single scalars shared across heads (not per-head)
0.30000000000000004,-1.1121399492025374,-1.616810917854309,0.5046709686517716,-1.3021529739310223,-0.9666666666666666,lambda0/beta are single scalars shared across heads (not per-head)
0.4,-1.1111137092113494,-1.616810917854309,0.5056972086429596,-1.3026521456648088,-0.9555555555555555,lambda0/beta are single scalars shared across heads (not per-head)
0.5,-1.1100874692201614,-1.616810917854309,0.5067234486341476,-1.3031513173985954,-0.9444444444444444,lambda0/beta are single scalars shared across heads (not per-head)
0.6000000000000001,-1.1090612292289734,-1.616810917854309,0.5077496886253356,-1.303650489132382,-0.9333333333333333,lambda0/beta are single scalars shared across heads (not per-head)
0.7000000000000001,-1.1080349892377854,-1.616810917854309,0.5087759286165237,-1.3041496608661687,-0.9222222222222223,lambda0/beta are single scalars shared across heads (not per-head)
0.8,-1.1070087492465972,-1.616810917854309,0.5098021686077119,-1.304648832599955,-0.911111111111111,lambda0/beta are single scalars shared across heads (not per-head)
0.9,-1.1059825092554092,-1.616810917854309,0.5108284085988999,-1.3051480043337418,-0.8999999999999999,lambda0/beta are single scalars shared across heads (not per-head)
1.0,-1.1049562692642212,-1.616810917854309,0.5118546485900879,-1.3056471760675283,-0.8888888888888888,lambda0/beta are single scalars shared across heads (not per-head)
1.1,-1.1039300292730332,-1.616810917854309,0.5128808885812759,-1.3061463478013149,-0.8777777777777778,lambda0/beta are single scalars shared across heads (not per-head)
1.2000000000000002,-1.1029037892818452,-1.616810917854309,0.5139071285724639,-1.3066455195351014,-0.8666666666666667,lambda0/beta are single scalars shared across heads (not per-head)
1.3,-1.101877549290657,-1.616810917854309,0.5149333685636521,-1.307144691268888,-0.8555555555555556,lambda0/beta are single scalars shared across heads (not per-head)
1.4000000000000001,-1.100851309299469,-1.616810917854309,0.5159596085548401,-1.3076438630026745,-0.8444444444444444,lambda0/beta are single scalars shared across heads (not per-head)
1.5,-1.099825069308281,-1.616810917854309,0.5169858485460281,-1.308143034736461,-0.8333333333333334,lambda0/beta are single scalars shared across heads (not per-head)
1.6,-1.098798829317093,-1.616810917854309,0.5180120885372161,-1.3086422064702476,-0.8222222222222223,lambda0/beta are single scalars shared across heads (not per-head)
1.7000000000000002,-1.097772589325905,-1.616810917854309,0.5190383285284041,-1.3091413782040342,-0.8111111111111111,lambda0/beta are single scalars shared across heads (not per-head)
1.8,-1.0967463493347167,-1.616810917854309,0.5200645685195924,-1.3096405499378208,-0.8,lambda0/beta are single scalars shared across heads (not per-head)
1.9000000000000001,-1.0957201093435287,-1.616810917854309,0.5210908085107804,-1.3101397216716073,-0.7888888888888889,lambda0/beta are single scalars shared across heads (not per-head)
2.0,-1.0946938693523407,-1.616810917854309,0.5221170485019684,-1.310638893405394,-0.7777777777777778,lambda0/beta are single scalars shared across heads (not per-head)
2.1,-1.0936676293611527,-1.616810917854309,0.5231432884931564,-1.3111380651391804,-0.7666666666666667,lambda0/beta are single scalars shared across heads (not per-head)
2.2,-1.0926413893699647,-1.616810917854309,0.5241695284843444,-1.3116372368729672,-0.7555555555555555,lambda0/beta are single scalars shared across heads (not per-head)
2.3000000000000003,-1.0916151493787765,-1.616810917854309,0.5251957684755326,-1.3121364086067537,-0.7444444444444444,lambda0/beta are single scalars shared across heads (not per-head)
2.4000000000000004,-1.0905889093875885,-1.616810917854309,0.5262220084667206,-1.3126355803405403,-0.7333333333333333,lambda0/beta are single scalars shared across heads (not per-head)
2.5,-1.0895626693964005,-1.616810917854309,0.5272482484579086,-1.3131347520743268,-0.7222222222222222,lambda0/beta are single scalars shared across heads (not per-head)
2.6,-1.0885364294052124,-1.616810917854309,0.5282744884490966,-1.3136339238081134,-0.7111111111111111,lambda0/beta are single scalars shared across heads (not per-head)
2.7,-1.0875101894140244,-1.616810917854309,0.5293007284402846,-1.3141330955419,-0.7,lambda0/beta are single scalars shared across heads (not per-head)
2.8000000000000003,-1.0864839494228362,-1.616810917854309,0.5303269684314729,-1.3146322672756865,-0.6888888888888888,lambda0/beta are single scalars shared across heads (not per-head)
2.9000000000000004,-1.0854577094316482,-1.616810917854309,0.5313532084226609,-1.315131439009473,-0.6777777777777777,lambda0/beta are single scalars shared across heads (not per-head)
3.0,-1.0844314694404602,-1.616810917854309,0.5323794484138489,-1.3156306107432596,-0.6666666666666666,lambda0/beta are single scalars shared across heads (not per-head)
3.1,-1.0834052294492722,-1.616810917854309,0.5334056884050369,-1.3161297824770462,-0.6555555555555556,lambda0/beta are single scalars shared across heads (not per-head)
3.2,-1.0823789894580842,-1.616810917854309,0.5344319283962249,-1.3166289542108327,-0.6444444444444444,lambda0/beta are single scalars shared across heads (not per-head)
3.3000000000000003,-1.081352749466896,-1.616810917854309,0.5354581683874131,-1.3171281259446195,-0.6333333333333333,lambda0/beta are single scalars shared across heads (not per-head)
3.4000000000000004,-1.080326509475708,-1.616810917854309,0.5364844083786011,-1.3176272976784058,-0.6222222222222222,lambda0/beta are single scalars shared across heads (not per-head)
3.5,-1.07930026948452,-1.616810917854309,0.5375106483697891,-1.3181264694121926,-0.6111111111111112,lambda0/beta are single scalars shared across heads (not per-head)
3.6,-1.078274029493332,-1.616810917854309,0.5385368883609771,-1.3186256411459791,-0.6000000000000001,lambda0/beta are single scalars shared across heads (not per-head)
3.7,-1.077247789502144,-1.616810917854309,0.5395631283521651,-1.3191248128797657,-0.5888888888888889,lambda0/beta are single scalars shared across heads (not per-head)
3.8000000000000003,-1.0762215495109557,-1.616810917854309,0.5405893683433534,-1.3196239846135522,-0.5777777777777777,lambda0/beta are single scalars shared across heads (not per-head)
3.9000000000000004,-1.0751953095197677,-1.616810917854309,0.5416156083345414,-1.3201231563473388,-0.5666666666666667,lambda0/beta are single scalars shared across heads (not per-head)
4.0,-1.0741690695285797,-1.616810917854309,0.5426418483257294,-1.3206223280811253,-0.5555555555555556,lambda0/beta are single scalars shared across heads (not per-head)
4.1000000000000005,-1.0731428295373917,-1.616810917854309,0.5436680883169174,-1.321121499814912,-0.5444444444444444,lambda0/beta are single scalars shared across heads (not per-head)
4.2,-1.0721165895462037,-1.616810917854309,0.5446943283081054,-1.3216206715486984,-0.5333333333333333,lambda0/beta are single scalars shared across heads (not per-head)
4.3,-1.0710903495550155,-1.616810917854309,0.5457205682992936,-1.322119843282485,-0.5222222222222223,lambda0/beta are single scalars shared across heads (not per-head)
4.4,-1.0700641095638275,-1.616810917854309,0.5467468082904816,-1.3226190150162715,-0.5111111111111111,lambda0/beta are single scalars shared across heads (not per-head)
4.5,-1.0690378695726395,-1.616810917854309,0.5477730482816696,-1.323118186750058,-0.5,lambda0/beta are single scalars shared across heads (not per-head)
4.6000000000000005,-1.0680116295814515,-1.616810917854309,0.5487992882728576,-1.3236173584838449,-0.4888888888888888,lambda0/beta are single scalars shared across heads (not per-head)
4.7,-1.0669853895902635,-1.616810917854309,0.5498255282640456,-1.3241165302176312,-0.47777777777777775,lambda0/beta are single scalars shared across heads (not per-head)
4.800000000000001,-1.0659591495990752,-1.616810917854309,0.5508517682552339,-1.324615701951418,-0.46666666666666656,lambda0/beta are single scalars shared across heads (not per-head)
4.9,-1.0649329096078872,-1.616810917854309,0.5518780082464219,-1.3251148736852043,-0.4555555555555555,lambda0/beta are single scalars shared across heads (not per-head)
5.0,-1.0639066696166992,-1.616810917854309,0.5529042482376099,-1.325614045418991,-0.4444444444444444,lambda0/beta are single scalars shared across heads (not per-head)
5.1000000000000005,-1.0628804296255112,-1.616810917854309,0.5539304882287979,-1.3261132171527776,-0.4333333333333333,lambda0/beta are single scalars shared across heads (not per-head)
5.2,-1.0618541896343232,-1.616810917854309,0.5549567282199859,-1.3266123888865642,-0.4222222222222222,lambda0/beta are single scalars shared across heads (not per-head)
5.300000000000001,-1.060827949643135,-1.616810917854309,0.5559829682111741,-1.3271115606203507,-0.41111111111111104,lambda0/beta are single scalars shared across heads (not per-head)
5.4,-1.059801709651947,-1.616810917854309,0.5570092082023621,-1.3276107323541373,-0.39999999999999997,lambda0/beta are single scalars shared across heads (not per-head)
5.5,-1.058775469660759,-1.616810917854309,0.5580354481935501,-1.3281099040879238,-0.3888888888888889,lambda0/beta are single scalars shared across heads (not per-head)
5.6000000000000005,-1.057749229669571,-1.616810917854309,0.5590616881847381,-1.3286090758217104,-0.3777777777777777,lambda0/beta are single scalars shared across heads (not per-head)
5.7,-1.056722989678383,-1.616810917854309,0.5600879281759261,-1.329108247555497,-0.36666666666666664,lambda0/beta are single scalars shared across heads (not per-head)
5.800000000000001,-1.0556967496871947,-1.616810917854309,0.5611141681671143,-1.3296074192892835,-0.35555555555555546,lambda0/beta are single scalars shared across heads (not per-head)
5.9,-1.0546705096960067,-1.616810917854309,0.5621404081583024,-1.33010659102307,-0.3444444444444444,lambda0/beta are single scalars shared across heads (not per-head)
6.0,-1.0536442697048187,-1.616810917854309,0.5631666481494904,-1.3306057627568566,-0.3333333333333333,lambda0/beta are single scalars shared across heads (not per-head)
6.1000000000000005,-1.0526180297136307,-1.616810917854309,0.5641928881406784,-1.3311049344906434,-0.3222222222222222,lambda0/beta are single scalars shared across heads (not per-head)
6.2,-1.0515917897224427,-1.616810917854309,0.5652191281318664,-1.33160410622443,-0.3111111111111111,lambda0/beta are single scalars shared across heads (not per-head)
6.300000000000001,-1.0505655497312545,-1.616810917854309,0.5662453681230546,-1.3321032779582165,-0.29999999999999993,lambda0/beta are single scalars shared across heads (not per-head)
6.4,-1.0495393097400665,-1.616810917854309,0.5672716081142426,-1.332602449692003,-0.28888888888888886,lambda0/beta are single scalars shared across heads (not per-head)
6.5,-1.0485130697488785,-1.616810917854309,0.5682978481054306,-1.3331016214257896,-0.2777777777777778,lambda0/beta are single scalars shared across heads (not per-head)
6.6000000000000005,-1.0474868297576905,-1.616810917854309,0.5693240880966186,-1.3336007931595761,-0.2666666666666666,lambda0/beta are single scalars shared across heads (not per-head)
6.7,-1.0464605897665025,-1.616810917854309,0.5703503280878066,-1.3340999648933627,-0.25555555555555554,lambda0/beta are single scalars shared across heads (not per-head)
6.800000000000001,-1.0454343497753142,-1.616810917854309,0.5713765680789948,-1.3345991366271492,-0.24444444444444435,lambda0/beta are single scalars shared across heads (not per-head)
6.9,-1.0444081097841262,-1.616810917854309,0.5724028080701828,-1.3350983083609358,-0.23333333333333328,lambda0/beta are single scalars shared across heads (not per-head)
7.0,-1.0433818697929382,-1.616810917854309,0.5734290480613708,-1.3355974800947223,-0.2222222222222222,lambda0/beta are single scalars shared across heads (not per-head)
7.1000000000000005,-1.0423556298017502,-1.616810917854309,0.5744552880525589,-1.336096651828509,-0.21111111111111105,lambda0/beta are single scalars shared across heads (not per-head)
7.2,-1.0413293898105622,-1.616810917854309,0.5754815280437469,-1.3365958235622957,-0.19999999999999998,lambda0/beta are single scalars shared across heads (not per-head)
7.300000000000001,-1.040303149819374,-1.616810917854309,0.5765077680349351,-1.337094995296082,-0.1888888888888888,lambda0/beta are single scalars shared across heads (not per-head)
7.4,-1.039276909828186,-1.616810917854309,0.5775340080261231,-1.3375941670298686,-0.17777777777777773,lambda0/beta are single scalars shared across heads (not per-head)
7.5,-1.038250669836998,-1.616810917854309,0.5785602480173111,-1.338093338763655,-0.16666666666666666,lambda0/beta are single scalars shared across heads (not per-head)
7.6000000000000005,-1.03722442984581,-1.616810917854309,0.5795864880084991,-1.3385925104974419,-0.1555555555555555,lambda0/beta are single scalars shared across heads (not per-head)
7.7,-1.036198189854622,-1.616810917854309,0.5806127279996871,-1.3390916822312284,-0.14444444444444443,lambda0/beta are single scalars shared across heads (not per-head)
7.800000000000001,-1.0351719498634337,-1.616810917854309,0.5816389679908753,-1.339590853965015,-0.13333333333333325,lambda0/beta are single scalars shared across heads (not per-head)
7.9,-1.0341457098722457,-1.616810917854309,0.5826652079820633,-1.3400900256988015,-0.12222222222222218,lambda0/beta are single scalars shared across heads (not per-head)
8.0,-1.0331194698810577,-1.616810917854309,0.5836914479732513,-1.340589197432588,-0.1111111111111111,lambda0/beta are single scalars shared across heads (not per-head)
8.1,-1.0320932298898697,-1.616810917854309,0.5847176879644393,-1.3410883691663746,-0.10000000000000003,lambda0/beta are single scalars shared across heads (not per-head)
8.200000000000001,-1.0310669898986817,-1.616810917854309,0.5857439279556274,-1.3415875409001612,-0.08888888888888877,lambda0/beta are single scalars shared across heads (not per-head)
8.3,-1.0300407499074935,-1.616810917854309,0.5867701679468156,-1.3420867126339477,-0.0777777777777777,lambda0/beta are single scalars shared across heads (not per-head)
8.4,-1.0290145099163055,-1.616810917854309,0.5877964079380036,-1.3425858843677343,-0.06666666666666662,lambda0/beta are single scalars shared across heads (not per-head)
8.5,-1.0279882699251175,-1.616810917854309,0.5888226479291916,-1.3430850561015208,-0.05555555555555555,lambda0/beta are single scalars shared across heads (not per-head)
8.6,-1.0269620299339295,-1.616810917854309,0.5898488879203796,-1.3435842278353074,-0.04444444444444448,lambda0/beta are single scalars shared across heads (not per-head)
8.700000000000001,-1.0259357899427415,-1.616810917854309,0.5908751279115676,-1.3440833995690942,-0.033333333333333215,lambda0/beta are single scalars shared across heads (not per-head)
8.8,-1.0249095499515533,-1.616810917854309,0.5919013679027558,-1.3445825713028805,-0.022222222222222143,lambda0/beta are single scalars shared across heads (not per-head)
8.9,-1.0238833099603653,-1.616810917854309,0.5929276078939438,-1.3450817430366673,-0.011111111111111072,lambda0/beta are single scalars shared across heads (not per-head)
9.0,-1.0228570699691772,-1.616810917854309,0.5939538478851318,-1.3455809147704538,0.0,lambda0/beta are single scalars shared across heads (not per-head)
9.1,-1.0218308299779892,-1.616810917854309,0.5949800878763198,-1.3460800865042404,0.011111111111111072,lambda0/beta are single scalars shared across heads (not per-head)
9.200000000000001,-1.0208045899868012,-1.616810917854309,0.5960063278675078,-1.346579258238027,0.02222222222222234,lambda0/beta are single scalars shared across heads (not per-head)
9.3,-1.019778349995613,-1.616810917854309,0.5970325678586961,-1.3470784299718135,0.03333333333333341,lambda0/beta are single scalars shared across heads (not per-head)
9.4,-1.018752110004425,-1.616810917854309,0.5980588078498841,-1.3475776017056,0.04444444444444448,lambda0/beta are single scalars shared across heads (not per-head)
9.5,-1.017725870013237,-1.616810917854309,0.5990850478410721,-1.3480767734393866,0.05555555555555555,lambda0/beta are single scalars shared across heads (not per-head)
9.600000000000001,-1.016699630022049,-1.616810917854309,0.6001112878322601,-1.3485759451731731,0.06666666666666682,lambda0/beta are single scalars shared across heads (not per-head)
9.700000000000001,-1.015673390030861,-1.616810917854309,0.6011375278234481,-1.3490751169069597,0.07777777777777789,lambda0/beta are single scalars shared across heads (not per-head)
9.8,-1.0146471500396728,-1.616810917854309,0.6021637678146363,-1.3495742886407462,0.08888888888888896,lambda0/beta are single scalars shared across heads (not per-head)
9.9,-1.0136209100484848,-1.616810917854309,0.6031900078058243,-1.3500734603745328,0.10000000000000003,lambda0/beta are single scalars shared across heads (not per-head)
10.0,-1.0125946700572968,-1.616810917854309,0.6042162477970123,-1.3505726321083196,0.1111111111111111,lambda0/beta are single scalars shared across heads (not per-head)
10.100000000000001,-1.0115684300661087,-1.616810917854309,0.6052424877882003,-1.351071803842106,0.12222222222222238,lambda0/beta are single scalars shared across heads (not per-head)
10.200000000000001,-1.0105421900749207,-1.616810917854309,0.6062687277793883,-1.3515709755758927,0.13333333333333344,lambda0/beta are single scalars shared across heads (not per-head)
10.3,-1.0095159500837325,-1.616810917854309,0.6072949677705766,-1.352070147309679,0.14444444444444451,lambda0/beta are single scalars shared across heads (not per-head)
10.4,-1.0084897100925445,-1.616810917854309,0.6083212077617646,-1.3525693190434658,0.15555555555555559,lambda0/beta are single scalars shared across heads (not per-head)
10.5,-1.0074634701013565,-1.616810917854309,0.6093474477529526,-1.3530684907772523,0.16666666666666666,lambda0/beta are single scalars shared across heads (not per-head)
10.600000000000001,-1.0064372301101685,-1.616810917854309,0.6103736877441406,-1.3535676625110389,0.17777777777777792,lambda0/beta are single scalars shared across heads (not per-head)
10.700000000000001,-1.0054109901189805,-1.616810917854309,0.6113999277353286,-1.3540668342448254,0.188888888888889,lambda0/beta are single scalars shared across heads (not per-head)
10.8,-1.0043847501277923,-1.616810917854309,0.6124261677265168,-1.354566005978612,0.20000000000000007,lambda0/beta are single scalars shared across heads (not per-head)
10.9,-1.0033585101366043,-1.616810917854309,0.6134524077177048,-1.3550651777123985,0.21111111111111114,lambda0/beta are single scalars shared across heads (not per-head)
11.0,-1.0023322701454163,-1.616810917854309,0.6144786477088928,-1.355564349446185,0.2222222222222222,lambda0/beta are single scalars shared across heads (not per-head)
11.100000000000001,-1.0013060301542283,-1.616810917854309,0.6155048877000808,-1.3560635211799716,0.2333333333333335,lambda0/beta are single scalars shared across heads (not per-head)
11.200000000000001,-1.0002797901630402,-1.616810917854309,0.6165311276912688,-1.3565626929137582,0.24444444444444458,lambda0/beta are single scalars shared across heads (not per-head)
11.3,-0.9992535501718521,-1.616810917854309,0.617557367682457,-1.3570618646475447,0.25555555555555565,lambda0/beta are single scalars shared across heads (not per-head)
11.4,-0.998227310180664,-1.616810917854309,0.6185836076736451,-1.3575610363813313,0.2666666666666667,lambda0/beta are single scalars shared across heads (not per-head)
11.5,-0.997201070189476,-1.616810917854309,0.6196098476648331,-1.358060208115118,0.2777777777777778,lambda0/beta are single scalars shared across heads (not per-head)
11.600000000000001,-0.9961748301982879,-1.616810917854309,0.6206360876560212,-1.3585593798489046,0.28888888888888903,lambda0/beta are single scalars shared across heads (not per-head)
11.700000000000001,-0.9951485902070999,-1.616810917854309,0.6216623276472092,-1.3590585515826912,0.3000000000000001,lambda0/beta are single scalars shared across heads (not per-head)
11.8,-0.9941223502159119,-1.616810917854309,0.6226885676383972,-1.3595577233164777,0.31111111111111117,lambda0/beta are single scalars shared across heads (not per-head)
11.9,-0.9930961102247238,-1.616810917854309,0.6237148076295853,-1.3600568950502643,0.32222222222222224,lambda0/beta are single scalars shared across heads (not per-head)
12.0,-0.9920698702335358,-1.616810917854309,0.6247410476207733,-1.3605560667840508,0.3333333333333333,lambda0/beta are single scalars shared across heads (not per-head)
12.100000000000001,-0.9910436302423477,-1.616810917854309,0.6257672876119614,-1.3610552385178374,0.3444444444444446,lambda0/beta are single scalars shared across heads (not per-head)
12.200000000000001,-0.9900173902511596,-1.616810917854309,0.6267935276031494,-1.361554410251624,0.3555555555555557,lambda0/beta are single scalars shared across heads (not per-head)
12.3,-0.9889911502599716,-1.616810917854309,0.6278197675943374,-1.3620535819854105,0.36666666666666675,lambda0/beta are single scalars shared across heads (not per-head)
12.4,-0.9879649102687835,-1.616810917854309,0.6288460075855256,-1.362552753719197,0.3777777777777778,lambda0/beta are single scalars shared across heads (not per-head)
12.5,-0.9869386702775955,-1.616810917854309,0.6298722475767136,-1.3630519254529836,0.3888888888888889,lambda0/beta are single scalars shared across heads (not per-head)
12.600000000000001,-0.9859124302864075,-1.616810917854309,0.6308984875679016,-1.3635510971867704,0.40000000000000013,lambda0/beta are single scalars shared across heads (not per-head)
12.700000000000001,-0.9848861902952194,-1.616810917854309,0.6319247275590897,-1.3640502689205567,0.4111111111111112,lambda0/beta are single scalars shared across heads (not per-head)
12.8,-0.9838599503040314,-1.616810917854309,0.6329509675502777,-1.3645494406543435,0.4222222222222223,lambda0/beta are single scalars shared across heads (not per-head)
12.9,-0.9828337103128433,-1.616810917854309,0.6339772075414658,-1.3650486123881298,0.43333333333333335,lambda0/beta are single scalars shared across heads (not per-head)
13.0,-0.9818074703216553,-1.616810917854309,0.6350034475326538,-1.3655477841219166,0.4444444444444444,lambda0/beta are single scalars shared across heads (not per-head)
13.100000000000001,-0.9807812303304672,-1.616810917854309,0.6360296875238419,-1.3660469558557031,0.4555555555555557,lambda0/beta are single scalars shared across heads (not per-head)
13.200000000000001,-0.9797549903392792,-1.616810917854309,0.6370559275150299,-1.3665461275894897,0.4666666666666668,lambda0/beta are single scalars shared across heads (not per-head)
13.3,-0.9787287503480911,-1.616810917854309,0.6380821675062179,-1.3670452993232762,0.47777777777777786,lambda0/beta are single scalars shared across heads (not per-head)
13.4,-0.977702510356903,-1.616810917854309,0.639108407497406,-1.3675444710570628,0.48888888888888893,lambda0/beta are single scalars shared across heads (not per-head)
13.5,-0.976676270365715,-1.616810917854309,0.640134647488594,-1.3680436427908493,0.5,lambda0/beta are single scalars shared across heads (not per-head)
13.600000000000001,-0.9756500303745269,-1.616810917854309,0.6411608874797822,-1.3685428145246359,0.5111111111111113,lambda0/beta are single scalars shared across heads (not per-head)
13.700000000000001,-0.9746237903833389,-1.616810917854309,0.6421871274709702,-1.3690419862584224,0.5222222222222224,lambda0/beta are single scalars shared across heads (not per-head)
13.8,-0.9735975503921509,-1.616810917854309,0.6432133674621582,-1.369541157992209,0.5333333333333334,lambda0/beta are single scalars shared across heads (not per-head)
13.9,-0.9725713104009628,-1.616810917854309,0.6442396074533463,-1.3700403297259955,0.5444444444444445,lambda0/beta are single scalars shared across heads (not per-head)
14.0,-0.9715450704097748,-1.616810917854309,0.6452658474445343,-1.370539501459782,0.5555555555555556,lambda0/beta are single scalars shared across heads (not per-head)
14.100000000000001,-0.9705188304185867,-1.616810917854309,0.6462920874357224,-1.3710386731935689,0.5666666666666669,lambda0/beta are single scalars shared across heads (not per-head)
14.200000000000001,-0.9694925904273987,-1.616810917854309,0.6473183274269104,-1.3715378449273554,0.577777777777778,lambda0/beta are single scalars shared across heads (not per-head)
14.3,-0.9684663504362107,-1.616810917854309,0.6483445674180984,-1.372037016661142,0.588888888888889,lambda0/beta are single scalars shared across heads (not per-head)
14.4,-0.9674401104450225,-1.616810917854309,0.6493708074092865,-1.3725361883949285,0.6000000000000001,lambda0/beta are single scalars shared across heads (not per-head)
14.5,-0.9664138704538345,-1.616810917854309,0.6503970474004745,-1.373035360128715,0.6111111111111112,lambda0/beta are single scalars shared across heads (not per-head)
14.600000000000001,-0.9653876304626465,-1.616810917854309,0.6514232873916626,-1.3735345318625016,0.6222222222222223,lambda0/beta are single scalars shared across heads (not per-head)
14.700000000000001,-0.9643613904714584,-1.616810917854309,0.6524495273828507,-1.3740337035962882,0.6333333333333334,lambda0/beta are single scalars shared across heads (not per-head)
14.8,-0.9633351504802704,-1.616810917854309,0.6534757673740387,-1.3745328753300747,0.6444444444444445,lambda0/beta are single scalars shared across heads (not per-head)
14.9,-0.9623089104890823,-1.616810917854309,0.6545020073652268,-1.3750320470638613,0.6555555555555556,lambda0/beta are single scalars shared across heads (not per-head)
15.0,-0.9612826704978943,-1.616810917854309,0.6555282473564148,-1.3755312187976478,0.6666666666666666,lambda0/beta are single scalars shared across heads (not per-head)
15.100000000000001,-0.9602564305067063,-1.616810917854309,0.6565544873476028,-1.3760303905314344,0.6777777777777779,lambda0/beta are single scalars shared across heads (not per-head)
15.200000000000001,-0.9592301905155182,-1.616810917854309,0.6575807273387909,-1.376529562265221,0.688888888888889,lambda0/beta are single scalars shared across heads (not per-head)
15.3,-0.9582039505243302,-1.616810917854309,0.6586069673299789,-1.3770287339990075,0.7000000000000001,lambda0/beta are single scalars shared across heads (not per-head)
15.4,-0.957177710533142,-1.616810917854309,0.659633207321167,-1.377527905732794,0.7111111111111111,lambda0/beta are single scalars shared across heads (not per-head)
15.5,-0.956151470541954,-1.616810917854309,0.660659447312355,-1.3780270774665806,0.7222222222222222,lambda0/beta are single scalars shared across heads (not per-head)
15.600000000000001,-0.955125230550766,-1.616810917854309,0.661685687303543,-1.3785262492003674,0.7333333333333335,lambda0/beta are single scalars shared across heads (not per-head)
15.700000000000001,-0.9540989905595779,-1.616810917854309,0.6627119272947312,-1.379025420934154,0.7444444444444446,lambda0/beta are single scalars shared across heads (not per-head)
15.8,-0.9530727505683899,-1.616810917854309,0.6637381672859192,-1.3795245926679405,0.7555555555555556,lambda0/beta are single scalars shared across heads (not per-head)
15.9,-0.9520465105772018,-1.616810917854309,0.6647644072771073,-1.380023764401727,0.7666666666666667,lambda0/beta are single scalars shared across heads (not per-head)
16.0,-0.9510202705860138,-1.616810917854309,0.6657906472682953,-1.3805229361355136,0.7777777777777778,lambda0/beta are single scalars shared across heads (not per-head)
16.1,-0.9499940305948258,-1.616810917854309,0.6668168872594833,-1.3810221078693001,0.7888888888888891,lambda0/beta are single scalars shared across heads (not per-head)
16.2,-0.9489677906036377,-1.616810917854309,0.6678431272506714,-1.3815212796030867,0.7999999999999999,lambda0/beta are single scalars shared across heads (not per-head)
16.3,-0.9479415506124497,-1.616810917854309,0.6688693672418594,-1.3820204513368732,0.8111111111111112,lambda0/beta are single scalars shared across heads (not per-head)
16.400000000000002,-0.9469153106212616,-1.616810917854309,0.6698956072330475,-1.3825196230706598,0.8222222222222224,lambda0/beta are single scalars shared across heads (not per-head)
16.5,-0.9458890706300735,-1.616810917854309,0.6709218472242355,-1.3830187948044463,0.8333333333333334,lambda0/beta are single scalars shared across heads (not per-head)
16.6,-0.9448628306388855,-1.616810917854309,0.6719480872154235,-1.383517966538233,0.8444444444444446,lambda0/beta are single scalars shared across heads (not per-head)
16.7,-0.9438365906476974,-1.616810917854309,0.6729743272066117,-1.3840171382720194,0.8555555555555555,lambda0/beta are single scalars shared across heads (not per-head)
16.8,-0.9428103506565094,-1.616810917854309,0.6740005671977997,-1.384516310005806,0.8666666666666667,lambda0/beta are single scalars shared across heads (not per-head)
16.900000000000002,-0.9417841106653213,-1.616810917854309,0.6750268071889878,-1.3850154817395928,0.877777777777778,lambda0/beta are single scalars shared across heads (not per-head)
17.0,-0.9407578706741333,-1.616810917854309,0.6760530471801758,-1.3855146534733793,0.8888888888888888,lambda0/beta are single scalars shared across heads (not per-head)
17.1,-0.9397316306829453,-1.616810917854309,0.6770792871713638,-1.3860138252071659,0.9000000000000001,lambda0/beta are single scalars shared across heads (not per-head)
17.2,-0.9387053906917572,-1.616810917854309,0.6781055271625519,-1.3865129969409524,0.911111111111111,lambda0/beta are single scalars shared across heads (not per-head)
17.3,-0.9376791507005692,-1.616810917854309,0.6791317671537399,-1.387012168674739,0.9222222222222223,lambda0/beta are single scalars shared across heads (not per-head)
17.400000000000002,-0.9366529107093811,-1.616810917854309,0.680158007144928,-1.3875113404085255,0.9333333333333336,lambda0/beta are single scalars shared across heads (not per-head)
17.5,-0.935626670718193,-1.616810917854309,0.681184247136116,-1.388010512142312,0.9444444444444444,lambda0/beta are single scalars shared across heads (not per-head)
17.6,-0.934600430727005,-1.616810917854309,0.682210487127304,-1.3885096838760986,0.9555555555555557,lambda0/beta are single scalars shared across heads (not per-head)
17.7,-0.9335741907358169,-1.616810917854309,0.6832367271184921,-1.3890088556098852,0.9666666666666666,lambda0/beta are single scalars shared across heads (not per-head)
17.8,-0.9325479507446289,-1.616810917854309,0.6842629671096802,-1.3895080273436717,0.9777777777777779,lambda0/beta are single scalars shared across heads (not per-head)
17.900000000000002,-0.9315217107534408,-1.616810917854309,0.6852892071008683,-1.3900071990774583,0.9888888888888892,lambda0/beta are single scalars shared across heads (not per-head)
18.0,-0.9304954707622528,-1.616810917854309,0.6863154470920563,-1.3905063708112448,1.0,lambda0/beta are single scalars shared across heads (not per-head)
