age,lag_days,tau,K,exp_K
0.5,0.0,0.0,0.0,1.0
0.5,1.0,0.13353139262452263,0.14823152570000006,1.1597813844777134
0.5,1.04207978005936,0.13877757979574964,0.15405525233996273,1.1665553399100559
0.5,1.085930268008564,0.1442153983329276,0.16009170655797708,1.173618494569356
0.5,1.1316259748461663,0.14985075141373838,0.16634744139761637,1.180983352956731
0.5,1.179244546977152,0.15568964362420476,0.1728291224745823,1.188662971941881
0.5,1.22886689815015,0.16173817670785368,0.17954352325790454,1.1966709859540343
0.5,1.2805773469465365,0.16800254480307233,0.18649751978298934,1.2050216333668367
0.5,1.3344637600550455,0.17448902915159026,0.1936980847775718,1.2137297841354855
0.5,1.3906177015753483,0.18120399226263023,0.2011522811834129,1.2228109687472344
0.5,1.4491345886042917,0.1881538715191507,0.2088672550586694,1.2322814085493432
0.5,1.5101138533691716,0.1953451722147602,0.21685022784825975,1.242158047521633
0.5,1.5736591121835388,0.2027844600123307,0.2251084880122652,1.2524585855640245
0.5,1.63987834151263,0.21047835281806931,0.2336493820054388,1.263201513372795
0.5,1.7088840614475895,0.21843351206783565,0.24248030460425526,1.2744061489827958
0.5,1.78079352690025,0.22665663342580755,0.25160868858161656,1.2860926760565252
0.5,1.8557289268433443,0.23515443689919577,0.2610419937333204,1.2982821840047725
0.5,1.9338175919347047,0.24393365637657694,0.27078769526469476,1.3109967100275142
0.5,2.0151922108782383,0.2530010286015404,0.28085327155038164,1.3242592831679014
0.5,2.0999910558893298,0.2623632815977036,0.2912461912850914,1.33809397047649
0.5,2.1883582176477763,0.27202712256572037,0.3019739000482232,1.3525259253873734
0.5,2.2804438501374875,0.2819992252776497,0.3130438063105123,1.3675814384125768
0.5,2.376404425788993,0.2922862169989427,0.32446326691629124,1.3832879902659616
0.5,2.4764030013582836,0.30289466497328327,0.3362395720804807,1.3996743075329883
0.5,2.5806094949937797,0.31383106251055365,0.34837992994501477,1.4167704210080119
0.5,2.6892009749622137,0.3251018147232243,0.3608914507449859,1.4346077268263167
0.5,2.80236196052404,0.33671322396143527,0.3737811306403111,1.4532190505238822
0.5,2.920284735469609,0.34867147500187956,0.38705583527409726,1.4726387141638968
0.5,3.0431696748488766,0.36098262005026066,0.40072228312405694,1.4929026066753188
0.5,3.1712255854498315,0.3736525636214963,0.41478702871821216,1.5140482575553436
0.5,3.304670060604175,0.38668704736592124,0.4292564457906522,1.5361149140944732
0.5,3.443729849923151,0.4000916349134312,0.4441367104572076,1.5591436222900332
0.5,3.58864124459177,0.4138716968107314,0.45943378449447875,1.5831773116214247
0.5,3.7396504788761398,0.428032395629561,0.4751533988086623,1.608260883868204
0.5,3.8970141485261283,0.44257867132586715,0.4913010371829535,1.634441306160203
0.5,4.060999646784322,0.45751522693137253,0.5078819203939352,1.6617677084574223
0.5,4.231885618742145,0.4728465146597427,0.5249009907882077,1.6902914856663078
0.5,4.409962434815182,0.48857672250958634,0.5423628974105478,1.7200664046083394
0.5,4.5955326841422455,0.5047097614457685,0.5602719817740446,1.751148716066572
0.5,4.788911688746551,0.5212492532389659,0.5786322643609426,1.7835972721459785
0.5,4.990428039332705,0.5381985190410279,0.5974474319402935,1.817473649194093
0.5,5.200424153629888,0.5555605687705246,0.6167208257849851,1.852842276539631
0.5,5.419256858230018,0.5733380913788805,0.6364554308662991,1.8897705713184707
0.5,5.647297994909514,0.5915334460627218,0.6566538660988478,1.9283290796686323
0.5,5.8849350524649715,0.6101486544825645,0.6773183757026368,1.968591624588767
0.5,6.132571825136316,0.6291853940417533,0.6984508217421,2.010635460768121
0.5,6.39062909873628,0.6486449922727383,0.7200526778943752,2.0545414367100947
0.5,6.65954536565205,0.6685284223703669,0.7421250244908678,2.1003941644863215
0.5,6.9397775699340185,0.6888362999039961,0.7646685448674071,2.1482821974737387
0.5,7.0,0.6931471805599453,0.7694539994648799,2.1585873421271
0.5,7.23180188373772,0.709568880731968,0.7876835230491329,2.1982982164434297
0.5,7.5361145164382695,0.7307260601334374,0.8111698427867471,2.250539224387106
0.5,7.8532325577921425,0.7523073731638018,0.8351269879510723,2.3051067504850398
0.5,8.183694856579041,0.7743119962311774,0.8595540442830789,2.3621070636380717
0.5,8.528062936216804,0.7967387498825744,0.8844497024867822,2.4216513960060375
0.5,8.886921948905186,0.8195861027797884,0.9098122626428304,2.483856177015668
0.5,9.260881669919817,0.8428521768366255,0.9356396399112735,2.5488432783226886
0.5,9.6505775337458,0.8665347534810289,0.9619293714830719,2.616740270235631
0.5,10.056671713811626,0.8906312809980652,0.9886786247314526,2.687680690132688
0.5,10.479854247658004,0.9151388829026448,1.0158842065063627,2.7618043234279783
0.5,10.920844209453602,0.9400543672843792,1.0435425735080766,2.8392574976697813
0.5,11.380390931849947,0.9653742370611591,1.0716498436695663,2.920193390380777
0.5,11.859275279251726,0.9910947010729667,1.100201808471602,3.004772351279103
0.5,12.358310974666047,1.0172116859431128,1.1291939461097638,3.093162239549219
0.5,12.878345982385166,1.043720848630567,1.1586214354286253,3.1855387768631283
0.5,13.420263948852282,1.07061758959435,1.1884791705353814,3.2820859168856322
0.5,13.984985704158541,1.097897066489053,1.2187617760030722,3.3829962320319247
0.5,14.573470826722824,1.1255542083094778,1.2494636225723708,3.488471318282151
0.5,15.186719273812823,1.1535837299020806,1.280578843260555,3.598722218895538
0.5,15.825773080678108,1.1819801467613735,1.3121013497868081,3.7139698679065094
0.5,16.491718131182388,1.2107377900306098,1.3440248492242908,3.8344455543268428
0.5,17.1856860029435,1.2398508216279238,1.3763428607914798,3.960391408021549
0.5,17.908855890116588,1.2693132494215638,1.4090487326980032,4.092060908271783
0.5,18.662456607087464,1.2991189423808551,1.4421356589635361,4.229719416085871
0.5,19.44776867648105,1.3292616456330582,1.4755966961322287,4.373644731369594
0.5,20.26612650503269,1.3597349953601767,1.5094247798094664,4.524127676119101
0.5,21.11892065101963,1.3905325334740786,1.5436127409525393,4.681472704854733
0.5,22.007600187105616,1.4216477220128325,1.5781533218518329,4.845998543571258
0.5,22.933675162613348,1.4530739572059415,1.6130391917444686,5.018038858540051
0.5,23.898719169408917,1.4848045831610868,1.6482629620077875,5.197942956361571
0.5,24.904372015758064,1.5168329051299927,1.683817200885619,5.386076516732112
0.5,25.952342512697637,1.5491522023160713,1.719694447705887,5.58282235945765
0.5,27.04441137765714,1.581755740191515,1.755887226553662,5.788581247319545
0.5,28.1824342602638,1.6146367822964254,1.7923880593692236,6.0037727264721195
0.5,29.368344895473083,1.6477886014973975,1.8291894784460752,6.228836006131072
0.5,30.0,1.6650077635889111,1.848304254514335,6.349044026188561
0.5,30.604158389382015,1.681204490687596,1.866284038308964,6.464230879394003
0.5,31.89197464330902,1.7148777729148463,1.9036643269569484,6.710438687120875
0.5,33.23398192195816,1.7488018109284564,1.9413229764612054,6.967963326892381
0.5,34.632460571730896,1.7829700161394837,1.97925267291171,7.23733230915887
0.5,36.0897868955038,1.817375856992875,2.0174461657110427,7.519097862791491
0.5,37.60843719045577,1.8520128667533289,2.055896276217379,7.813838092350686
0.5,39.19099195580641,1.886874650709893,2.094595905742221,8.122158189495734
0.5,40.840140277614886,1.9219548928071555,2.133538042911602,8.444691701072399
0.5,42.55868439809032,1.9572473617134627,2.172715770402336,8.782101856534677
0.5,44.349544477177695,1.9927459163388688,2.212122271067426,9.13508295748084
0.5,46.215763554510126,2.0284445108175166,2.2517508334669456,9.504361832214208
0.5,48.16051272015931,2.064337198970883,2.2915948568226243,9.890699358375295
0.5,50.18709650296962,2.100418138269758,2.331647855415999,10.294892056834554
0.5,52.29895848563244,2.1366815933140666,2.3719034624513142,10.717773760184246
0.5,54.49968715604147,2.173121938850586,2.412355433405457,11.16021735932427
0.5,56.79302200487161,2.209733662349377,2.4529976488880187,11.62313663180007
0.5,59.18285987974302,2.2465113661603024,2.4938241170352176,12.107488155722486
0.5,61.673261606766516,2.2834497692713303,2.5348289754617728,12.614273313277991
0.5,64.26845889072264,2.320543708690545,2.576006492795055,13.144540388025954
0.5,66.97286150559826,2.3577881404737786,2.6173510698158475,13.699386760375557
0.5,69.7910647876998,2.3951781404196764,2.658857240229931,14.279961205840769
0.5,72.72785744407477,2.432708904453775,2.7005196710944426,14.887466300887036
0.5,75.7882296895099,2.4703757487227986,2.742333162922553,15.523160941408335
0.5,78.97738172593277,2.5081741094199628,2.784292649489539,16.188362979109616
0.5,82.30073257862412,2.5460995423615103,2.8263931973627003,16.88445198131591
0.5,85.76392930425685,2.5841477223341385,2.868630005176948,17.61287211998829
0.5,89.37285658640647,2.6223144422322893,2.910998402677121,18.375135195997164
0.5,90.0,2.6288008294480694,2.9181988598458686,18.507922059295154
0.5,93.13364673483916,2.6605956120035943,2.9534938495473364,19.172823804986674
0.5,97.05269010556735,2.698987257420015,2.9961119340468487,20.007594651460487
0.5,101.13664595937888,2.7374855186914417,3.0388483714710235,20.8811820180293
0.5,105.39245377729083,2.776086648937759,3.0816990024551956,21.795401397085886
0.5,109.82734505215552,2.8147870125345533,3.124659791138261,22.752153292512986
0.5,114.4488555764537,2.853583083346855,3.1677268232019755,23.75342719938549
0.5,119.26483824715625,2.892471442864512,3.210896303801055,24.80130577000144
0.5,124.28347640941176,2.9314487782519896,3.2541645553982854,25.897969174966242
0.5,129.5132977617325,2.970511880324602,3.29752801551796,27.04569966846238
0.5,134.96318884630867,3.009657641462442,3.3409832344301624,28.246886367265752
0.5,140.6424101490711,3.0488830534725038,3.38452687277753,29.50403025351585
0.5,146.56061183516235,3.088185205408773,3.428155699155369,30.819749411716703
0.5,152.72785014655128,3.127561281359357,3.471866587655174,32.19678451093485
0.5,159.15460448965692,3.1670085582090657,3.515656515380894,33.638004543675116
0.5,165.85179524201618,3.2065244033851776,3.55952255994654,35.14641283345199
0.5,172.83080230825027,3.2461062725935186,3.6034618969630303,36.72515332363601
0.5,180.0,3.2851984677992734,3.6468576530052474,38.35395505504192
0.5,180.10348445686424,3.2857517075513916,3.6474717975215483,38.377517160745846
0.5,187.6821994707333,3.32545833372332,3.691549625680015,40.106949585970646
0.5,195.57982514551875,3.3652238580650384,3.7356928359587265,41.917057149355024
0.5,203.80978117169033,3.4050460667806464,3.7798989708505926,43.81161526175223
0.5,212.3860519373412,3.4449228230973827,3.8241656583509473,45.79457610036108
0.5,221.3232102905404,3.484852065062016,3.8684906095113467,47.87007688440043
0.5,230.6364423015979,3.5248318033624013,3.912871616021306,50.0424485382502
0.5,240.34157306732249,3.564860119177415,3.9573065478215397,52.316224760201266
0.5,250.45509360111583,3.604935162058039,4.0017933507517816,54.696151515803095
0.5,260.99418885459727,3.645055147842087,4.046330044235944,57.187196975689496
0.5,271.9767669183699,3.6852183566046746,4.090914719006966,59.79456191869131
0.5,283.42148945155054,3.725423130646311,4.135545534873414,62.52369062202139
0.5,295.3478033917681,3.7656678725201638,4.180220718529578,65.38028226133642
0.5,307.7759739995089,3.805951043099791,4.224938561410481,68.370302844545
0.5,320.7271192929636,3.846271159688446,4.269697417593042,71.49999770435524
0.5,334.2232459318834,3.886626794170791,4.314495701744323,74.7759045757184
0.5,348.28728661142253,3.927016571207697,4.359331887117588,78.20486728555376
0.5,362.9431390295026,3.9674391664745956,4.4042045035967305,81.79405008342191
0.5,365.0,3.972983705217833,4.4103594265782045,82.29903865068816
0.5,378.21570649391754,4.007893304943711,4.4491121357893935,85.55095264315344
0.5,394.1309402381772,4.04837775921034,4.494053421168995,89.48342576684801
0.5,410.7158835179885,4.08889134786319,4.539027048265663,93.59968782412675
0.5,427.99871756331135,4.129432933898706,4.584031754906001,97.90834196106252
0.5,446.0088094640633,4.170001423179168,4.629066326501435,102.41839411482306
0.5,464.77676207084824,4.210595762934267,4.674129594384835,107.13927187175095
0.5,484.3344659954912,4.251214940305748,4.7192204341949475,112.0808442083666
0.5,504.7151537997487,4.291857980934678,4.764337764308128,117.25344215663436
0.5,525.9534564642684,4.332523947590781,4.809480544316793,122.66788043676424
0.5,548.085462233745,4.373211938843241,4.854647773553888,128.33548010284625
0.5,571.1487779382733,4.413921087772328,4.899838489662686,134.2680922487405
0.5,595.1825928950883,4.454650560721148,4.945051767211112,140.47812282386047
0.5,620.2277454992734,4.495399556086754,4.990286716349782,146.9785586108141
0.5,646.3267926165958,4.536167303149898,5.035542481512915,153.78299441930108
0.5,673.5240818963732,4.576953060942558,5.080818240161196,160.90566155320747
0.5,701.8658271272552,4.6177561171524895,5.126113201565726,168.3614576105124
0.5,730.0,4.656677743134023,5.1693196108495005,175.79518764607087
0.5,731.4001867639511,4.658575787063892,5.171426605632078,176.16597767840057
0.5,762.1773457583524,4.699411412533392,5.216757721763537,184.3355469889083
0.5,794.2496008340909,4.74026236100046,5.262105847762588,192.88725510348553
0.5,827.6714493494242,4.781128024531377,5.307470308769626,201.83899169804707
0.5,862.4996818994599,4.822007818895898,5.352850456237978,211.20948402345573
0.5,898.7934788150566,4.862901182675745,5.398245666944248,221.01833611987684
0.5,936.6145107223815,4.9038075764040325,5.443655342033006,231.28606986711588
0.5,976.0270433339847,4.944726481734779,5.489078906094874,242.03416795689964
0.5,1017.0980466494655,4.985657400641646,5.534515806277053,253.28511887708765
0.5,1059.89730875128,5.026599854645041,5.579965511425345,265.0624640020063
0.5,1104.4975543890419,5.067553384066753,5.625427511256726,277.3908468875127
0.5,1150.974568553834,5.1085175473112825,5.670901315561568,290.2960648740158
0.5,1199.4073252524952,5.14949192017306,5.716386453434581,303.8051231055058
0.5,1249.8781217007058,5.190476095168732,5.761882472533603,317.94629107771095
0.5,1302.472718162878,5.2314696808937375,5.807388938365334,332.7491618337908
0.5,1357.2804836764876,5.272472301402392,5.852905433597182,348.2447139315221
0.5,1414.3945479084566,5.313483595610734,5.898431557394363,364.4653763117378
0.5,1473.9119594016026,5.354503216721356,5.9439669247814235,381.44509620384696
0.5,1535.933850480083,5.395530831669548,5.989511166027402,399.21941021063896
0.5,1600.5656090940097,5.436566120589991,6.035063926053814,417.8255187212122
0.5,1667.9170578952617,5.4776087763033425,6.080624863864723,437.3023638078581
0.5,1738.1026408487496,5.518658503822018,6.126193651998107,457.69071077000206
0.5,1811.2416176962565,5.55971501987453,6.171769975997837,479.0332334959685
0.5,1825.0,5.567253396178763,6.180138233071432,483.0587264291992
0.5,1887.458266603275,5.600778052447735,6.217353533905531,501.3746038213094
0.5,1966.8820953331624,5.641847340346356,6.262944035771585,524.7615850708063
0.5,2049.6480613074755,5.682922632769197,6.308541203184735,549.2431299800338
0.5,2135.8968009263863,5.724003688901447,6.354144768819475,574.8704832015222
0.5,2225.77486853886,5.765090277522507,6.399754476000718,601.6972886101726
0.5,2319.434985468627,5.806182176628782,6.445370078285054,629.7797016326117
0.5,2417.03629951913,5.847279173070913,6.490991339058048,659.1765068357136
0.5,2518.744655398385,5.888381062204911,6.536618031146976,689.9492410205149
0.5,2624.7328765232382,5.929487647556707,6.5822499364484335,722.1623220792682
0.5,2735.1810586819056,5.970598740499613,6.627886845570298,755.8831838854837
0.5,2850.2768760537683,6.01171415994424,6.67352855748751,791.1824174993976
0.5,2970.2159001063915,6.052833732040389,6.71917487921114,828.1339189845493
0.5,3095.2019319116835,6.093957289890505,6.764825625470304,866.8150441450124
0.5,3225.4473484458313,6.135084673274235,6.810480618406396,907.3067705072783
0.5,3361.1734634614786,6.176215728383701,6.856139687279218,949.6938668859905
0.5,3502.610903545296,6.217350307569075,6.901802668184547,994.0650708886016
0.5,3650.0,6.258488269094068,6.947469403782702,1040.5132747306272
2.0,0.0,0.0,0.0,1.0
2.0,1.0,0.13353139262452263,0.14617599687214528,1.1573998688834206
2.0,1.04207978005936,0.13877757979574964,0.1519189658059624,1.1640659034677718
2.0,1.085930268008564,0.1442153983329276,0.1578717124212616,1.1710159582691906
2.0,1.1316259748461663,0.14985075141373838,0.164040698890461,1.178262268083882
2.0,1.179244546977152,0.15568964362420476,0.1704324983970677,1.1858176046431004
2.0,1.22886689815015,0.16173817670785368,0.17705379048231296,1.1936953008462086
2.0,1.2805773469465365,0.16800254480307233,0.18391135583151524,1.2019092761256112
2.0,1.3344637600550455,0.17448902915159026,0.19101207048148772,1.2104740629978876
2.0,1.3906177015753483,0.18120399226263023,0.1983628994320703,1.2194048348580204
2.0,1.4491345886042917,0.1881538715191507,0.20597088964692226,1.2287174350763237
2.0,1.5101138533691716,0.1953451722147602,0.21384316243107518,1.2384284074604972
2.0,1.5736591121835388,0.2027844600123307,0.2219869051754233,1.2485550281481674
2.0,1.63987834151263,0.21047835281806931,0.23040936246131943,1.2591153389983507
2.0,1.7088840614475895,0.21843351206783565,0.23911782652176022,1.2701281825534714
2.0,1.78079352690025,0.22665663342580755,0.24811962705927235,1.2816132386469021
2.0,1.8557289268433443,0.23515443689919577,0.2574221204245515,1.2935910627344818
2.0,1.9338175919347047,0.24393365637657694,0.2670326781641393,1.3060831260320755
2.0,2.0151922108782383,0.2530010286015404,0.2769586749499425,1.3191118575450358
2.0,2.0999910558893298,0.2623632815977036,0.2872074759081679,1.3327006880793497
2.0,2.1883582176477763,0.27202712256572037,0.29778642337025185,1.3468740963283627
2.0,2.2804438501374875,0.2819992252776497,0.30870282307355273,1.3616576571332424
2.0,2.376404425788993,0.2922862169989427,0.3199639298449305,1.3770780920197965
2.0,2.4764030013582836,0.30289466497328327,0.3315769328057844,1.3931633221188982
2.0,2.5806094949937797,0.31383106251055365,0.34354894014263426,1.4099425235826053
2.0,2.6892009749622137,0.3251018147232243,0.35588696349283416,1.4274461856130927
2.0,2.80236196052404,0.33671322396143527,0.36859790200044484,1.4457061712267667
2.0,2.920284735469609,0.34867147500187956,0.38168852610259546,1.4647557808814002
2.0,3.0431696748488766,0.36098262005026066,0.3951654611117657,1.4846298190998266
2.0,3.1712255854498315,0.3736525636214963,0.40903517066423745,1.5053646642296814
2.0,3.304670060604175,0.38668704736592124,0.4233039401094322,1.5269983414848751
2.0,3.443729849923151,0.4000916349134312,0.43797785991888805,1.5495705994209594
2.0,3.58864124459177,0.4138716968107314,0.45306280919715836,1.5731229900032921
2.0,3.7396504788761398,0.428032395629561,0.4685644393798761,1.5976989524339675
2.0,3.8970141485261283,0.44257867132586715,0.48448815820653135,1.6233439009108277
2.0,4.060999646784322,0.45751522693137253,0.5008391140571185,1.6501053164995756
2.0,4.231885618742145,0.4728465146597427,0.517622180742642,1.678032843308034
2.0,4.409962434815182,0.48857672250958634,0.5348419428395039,1.7071783891600154
2.0,4.5955326841422455,0.5047097614457685,0.5525026816569651,1.7375962309750344
2.0,4.788911688746551,0.5212492532389659,0.5706083619251816,1.7693431250693066
2.0,4.990428039332705,0.5381985190410279,0.5891626192887223,1.8024784226030892
2.0,5.200424153629888,0.5555605687705246,0.6081687486869928,1.8370641904094844
2.0,5.419256858230018,0.5733380913788805,0.6276296936986325,1.8731653374503843
2.0,5.647297994909514,0.5915334460627218,0.6475480369217251,1.9108497471562618
2.0,5.8849350524649715,0.6101486544825645,0.6679259914556429,1.9501884159180964
2.0,6.132571825136316,0.6291853940417533,0.6887653935435442,1.9912555980118272
2.0,6.39062909873628,0.6486449922727383,0.710067696427063,2.0341289572484373
2.0,6.65954536565205,0.6685284223703669,0.7318339654566329,2.078889725656084
2.0,6.9397775699340185,0.6888362999039961,0.7540648744922549,2.125622869514619
2.0,7.0,0.6931471805599453,0.7587839691178321,2.1356775909052295
2.0,7.23180188373772,0.709568880731968,0.7767607036204875,2.1744172630775003
2.0,7.5361145164382695,0.7307260601334374,0.7999213382040639,2.225365870331388
2.0,7.8532325577921425,0.7523073731638018,0.8235462692709775,2.278565935159797
2.0,8.183694856579041,0.7743119962311774,0.8476345952402426,2.3341191802940293
2.0,8.528062936216804,0.7967387498825744,0.8721850249719022,2.3921320154522316
2.0,8.886921948905186,0.8195861027797884,0.8971958821194117,2.4527157550859418
2.0,9.260881669919817,0.8428521768366255,0.9226651107533289,2.515986846172864
2.0,9.6505775337458,0.8665347534810289,0.9485902822164243,2.582067106514914
2.0,10.056671713811626,0.8906312809980652,0.9749686031620038,2.651083974021878
2.0,10.479854247658004,0.9151388829026448,1.001796924719475,2.723170767483288
2.0,10.920844209453602,0.9400543672843792,1.0290717527241036,2.798466959354501
2.0,11.380390931849947,0.9653742370611591,1.0567892589415442,2.8771184611073917
2.0,11.859275279251726,0.9910947010729667,1.0849452932121675,2.959277921721698
2.0,12.358310974666047,1.0172116859431128,1.1135353964354842,3.0451050399198647
2.0,12.878345982385166,1.043720848630567,1.142554814311104,3.1347668907762816
2.0,13.420263948852282,1.07061758959435,1.1719985117497151,3.2284382673612266
2.0,13.984985704158541,1.097897066489053,1.2018611878654855,3.326302038110531
2.0,14.573470826722824,1.1255542083094778,1.2321372914601127,3.4285495206442125
2.0,15.186719273812823,1.1535837299020806,1.262821036908414,3.535380872790953
2.0,15.825773080678108,1.1819801467613735,1.2939064203558555,3.6470055016105514
2.0,16.491718131182388,1.2107377900306098,1.32538723613971,3.763642491243353
2.0,17.1856860029435,1.2398508216279238,1.3572570933475507,3.885521050454181
2.0,17.908855890116588,1.2693132494215638,1.3895094324294843,4.012880980778696
2.0,18.662456607087464,1.2991189423808551,1.422137541783819,4.145973166222215
2.0,19.44776867648105,1.3292616456330582,1.4551345742397124,4.2850600855052825
2.0,20.26612650503269,1.3597349953601767,1.4884935633646188,4.430416347896292
2.0,21.11892065101963,1.3905325334740786,1.5222074395290524,4.582329253719887
2.0,22.007600187105616,1.4216477220128325,1.5562690456661685,4.741099380680266
2.0,22.933675162613348,1.4530739572059415,1.5906711526688895,4.907041197191368
2.0,23.898719169408917,1.4848045831610868,1.6254064743726995,5.080483703961164
2.0,24.904372015758064,1.5168329051299927,1.6604676820777036,5.26177110513499
2.0,25.952342512697637,1.5491522023160713,1.6958474185690802,5.451263510363348
2.0,27.04441137765714,1.581755740191515,1.7315383116005252,5.6493376692227475
2.0,28.1824342602638,1.6146367822964254,1.7675329868106868,5.85638773948422
2.0,29.368344895473083,1.6477886014973975,1.8038240800478682,6.072826090793366
2.0,30.0,1.6650077635889111,1.8226737912248325,6.188382792324071
2.0,30.604158389382015,1.681204490687596,1.8404042490833357,6.299084145397906
2.0,31.89197464330902,1.7148777729148463,1.8772661846984777,6.53561325763455
2.0,33.23398192195816,1.7488018109284564,1.9144026211356524,6.782885633965864
2.0,34.632460571730896,1.7829700161394837,1.9518063459069368,7.0413952954406644
2.0,36.0897868955038,1.817375856992875,1.9894702089590566,7.311659084537989
2.0,37.60843719045577,1.8520128667533289,2.0273871311965226,7.594217718445122
2.0,39.19099195580641,1.886874650709893,2.065550112368459,7.889636890914891
2.0,40.840140277614886,1.9219548928071555,2.1039522383277283,8.198508424946425
2.0,42.55868439809032,1.9572473617134627,2.142586687673771,8.52145147863718
2.0,44.349544477177695,1.9927459163388688,2.181446737793072,8.859113806662384
2.0,46.215763554510126,2.0284445108175166,2.220525770313343,9.212173079951318
2.0,48.16051272015931,2.064337198970883,2.2598172759894086,9.581338266248626
2.0,50.18709650296962,2.100418138269758,2.2993148590403614,9.967351074372525
2.0,52.29895848563244,2.1366815933140666,2.3390122409589,10.370987465111934
2.0,54.49968715604147,2.173121938850586,2.3789032638148084,10.793059231840001
2.0,56.79302200487161,2.209733662349377,2.418981893075358,11.234415654063463
2.0,59.18285987974302,2.2465113661603024,2.4592422199660344,11.695945227276175
2.0,61.673261606766516,2.2834497692713303,2.499678463395342,12.178577472639962
2.0,64.26845889072264,2.320543708690545,2.540284971467684,12.683284830179128
2.0,66.97286150559826,2.3577881404737786,2.581056222608301,13.21108463934447
2.0,69.7910647876998,2.3951781404196764,2.6219868263241595,13.763041210980953
2.0,72.72785744407477,2.432708904453775,2.6630715236243967,14.340267994919104
2.0,75.7882296895099,2.4703757487227986,2.704305187123546,14.943929847604876
2.0,78.97738172593277,2.5081741094199628,2.7456828208503,15.575245404386711
2.0,82.30073257862412,2.5460995423615103,2.7871995597839456,16.235489561291164
2.0,85.76392930425685,2.5841477223341385,2.8288506691399964,16.92599607134184
2.0,89.37285658640647,2.6223144422322893,2.8706315434257896,17.648160260709275
2.0,90.0,2.6288008294480694,2.8777321517451497,17.77391888727175
2.0,93.13364673483916,2.6605956120035943,2.9125377052860735,18.40344187022368
2.0,97.05269010556735,2.698987257420015,2.954564804157778,19.19336802803742
2.0,101.13664595937888,2.7374855186914417,2.996708614752334,20.01953635949127
2.0,105.39245377729083,2.776086648937759,3.038965035383048,20.883618240518082
2.0,109.82734505215552,2.8147870125345533,3.0813300861541655,21.787362201209387
2.0,114.4488555764537,2.853583083346855,3.123799907027352,22.732597486476195
2.0,119.26483824715625,2.892471442864512,3.1663707557805005,23.721237781055596
2.0,124.28347640941176,2.9314487782519896,3.2090390058728624,24.75528510644912
2.0,129.5132977617325,2.970511880324602,3.2518011442296357,25.836833897728297
2.0,134.96318884630867,3.009657641462442,3.2946537689583604,26.968075268510407
2.0,140.6424101490711,3.0488830534725038,3.3375935870085947,28.151301472789388
2.0,146.56061183516235,3.088185205408773,3.3806174117855825,29.388910572708216
2.0,152.72785014655128,3.127561281359357,3.4237221607278396,30.683411321778173
2.0,159.15460448965692,3.1670085582090657,3.46690485285786,32.03742827348953
2.0,165.85179524201618,3.2065244033851776,3.510162606314426,33.45370712571687
2.0,172.83080230825027,3.2461062725935186,3.553492635874303,34.93512031180173
2.0,180.0,3.2851984677992734,3.5962866223055676,36.46258339390674
2.0,180.10348445686424,3.2857517075513916,3.596892250470493,36.48467284969915
2.0,187.6821994707333,3.32545833372332,3.6403588507135685,38.1055084610984
2.0,195.57982514551875,3.3652238580650384,3.683889926422029,39.800915972979276
2.0,203.80978117169033,3.4050460667806464,3.7274830541670743,41.574336014639286
2.0,212.3860519373412,3.4449228230973827,3.771135894836663,43.42936802382995
2.0,221.3232102905404,3.484852065062016,3.814846191223233,45.36977757626895
2.0,230.6364423015979,3.5248318033624013,3.858611765638976,47.399504053453164
2.0,240.34157306732249,3.564860119177415,3.9024305175621707,49.52266866438774
2.0,250.45509360111583,3.604935162058039,3.9463004213176225,51.74358283756549
2.0,260.99418885459727,3.645055147842087,3.9902195237939226,54.06675700028638
2.0,271.9767669183699,3.6852183566046746,4.034185942199845,56.496909763193415
2.0,283.42148945155054,3.725423130646311,4.078197861861921,59.038977528729134
2.0,295.3478033917681,3.7656678725201638,4.122253534064895,61.69812454307835
2.0,307.7759739995089,3.805951043099791,4.166351273936487,64.47975341206514
2.0,320.7271192929636,3.846271159688446,4.210489458377659,67.3895161024197
2.0,334.2232459318834,3.886626794170791,4.2546665240393065,70.43332545081581
2.0,348.28728661142253,3.927016571207697,4.2988809653461155,73.6173672041157
2.0,362.9431390295026,3.9674391664745956,4.343131332568101,76.94811261533991
2.0,365.0,3.972983705217833,4.3492009051387095,77.4165750141257
2.0,378.21570649391754,4.007893304943711,4.387416229940172,80.43233162101149
2.0,394.1309402381772,4.04837775921034,4.431734313829926,84.07710662670898
2.0,410.7158835179885,4.08889134786319,4.476084290953663,87.88984692889743
2.0,427.99871756331135,4.129432933898706,4.520464916640563,91.87830380240783
2.0,446.0088094640633,4.170001423179168,4.564874993144771,96.05058628428557
2.0,464.77676207084824,4.210595762934267,4.609313368005084,100.41517768615083
2.0,484.3344659954912,4.251214940305748,4.65377893245178,104.9809528686926
2.0,504.7151537997487,4.291857980934678,4.698270619860107,109.75719631347572
2.0,525.9534564642684,4.332523947590781,4.74278740424983,114.75362102885892
2.0,548.085462233745,4.373211938843241,4.787328298830159,119.9803883285218
2.0,571.1487779382733,4.413921087772328,4.831892354589383,125.44812852287814
2.0,595.1825928950883,4.454650560721148,4.8764786589284075,131.16796256550816
2.0,620.2277454992734,4.495399556086754,4.921086334337404,137.1515246986875
2.0,646.3267926165958,4.536167303149898,4.965714537114734,143.41098614413042
2.0,673.5240818963732,4.576953060942558,5.010362456127249,149.959079887183
2.0,701.8658271272552,4.6177561171524895,5.0550293116111,156.80912660494192
2.0,730.0,4.656677743134023,5.097636576958309,163.6347118783695
2.0,731.4001867639511,4.658575787063892,5.099714354012098,163.9750617910879
2.0,762.1773457583524,4.699411412533392,5.144416862864728,171.47146413267612
2.0,794.2496008340909,4.74026236100046,5.189136145708856,179.31358519666534
2.0,827.6714493494242,4.781128024531377,5.233871537043166,187.51738048663177
2.0,862.4996818994599,4.822007818895898,5.2786223973143915,196.09954193291603
2.0,898.7934788150566,4.862901182675745,5.323388111941385,205.07753188236035
2.0,936.6145107223815,4.9038075764040325,5.368168090373055,214.4696186568478
2.0,976.0270433339847,4.944726481734779,5.412961765179232,224.29491375305244
2.0,1017.0980466494655,4.985657400641646,5.4577685911735365,234.5734107591541
2.0,1059.89730875128,5.026599854645041,5.502588044567293,245.32602606776035
2.0,1104.4975543890419,5.067553384066753,5.547419622153582,256.5746414679397
2.0,1150.974568553834,5.1085175473112825,5.592262840520517,268.3421487030998
2.0,1199.4073252524952,5.14949192017306,5.637117235292862,280.6524960854409
2.0,1249.8781217007058,5.190476095168732,5.681982360401087,293.5307372619091
2.0,1302.472718162878,5.2314696808937375,5.72685778737702,307.00308223094817
2.0,1357.2804836764876,5.272472301402392,5.771743104675226,321.0969507139388
2.0,1414.3945479084566,5.313483595610734,5.816637917019302,335.8410279900069
2.0,1473.9119594016026,5.354503216721356,5.861541844772256,351.2653233078909
2.0,1535.933850480083,5.395530831669548,5.906454523330191,367.40123099382566
2.0,1600.5656090940097,5.436566120589991,5.951375602538501,384.28159437986073
2.0,1667.9170578952617,5.4776087763033425,5.996304746129846,401.94077268280904
2.0,1738.1026408487496,5.518658503822018,6.041241631183125,420.4147109699931
2.0,1811.2416176962565,5.55971501987453,6.086185947602775,439.7410133542771
2.0,1825.0,5.567253396178763,6.094438161927889,443.384864686559
2.0,1887.458266603275,5.600778052447735,6.131137397617678,459.95901956742597
2.0,1966.8820953331624,5.641847340346356,6.176095695298964,481.1098850677118
2.0,2049.6480613074755,5.682922632769197,6.221060566096103,503.23666484490474
2.0,2135.8968009263863,5.724003688901447,6.266031746390596,526.3844010932902
2.0,2225.77486853886,5.765090277522507,6.311008983066673,550.600214931248
2.0,2319.434985468627,5.806182176628782,6.3559920330983575,575.9334023541577
2.0,2417.03629951913,5.847279173070913,6.400980663152352,602.435534616025
2.0,2518.744655398385,5.888381062204911,6.44597464920614,630.1605632442363
2.0,2624.7328765232382,5.929487647556707,6.49097377618076,659.1649299012755
2.0,2735.1810586819056,5.970598740499613,6.535977837587732,689.5076813171285
2.0,2850.2768760537683,6.01171415994424,6.580986635189616,721.2505895264107
2.0,2970.2159001063915,6.052833732040389,6.625999978673662,754.4582776550387
2.0,3095.2019319116835,6.093957289890505,6.671017685338141,789.1983515126176
2.0,3225.4473484458313,6.135084673274235,6.716039579790813,825.5415372584798
2.0,3361.1734634614786,6.176215728383701,6.761065493659139,863.5618254217244
2.0,3502.610903545296,6.217350307569075,6.806095265311756,903.3366215685121
2.0,3650.0,6.258488269094068,6.851128739590818,944.9469039234287
5.0,0.0,0.0,0.0,1.0
5.0,1.0,0.13353139262452263,0.14206493921643573,1.1526514983917622
5.0,1.04207978005936,0.13877757979574964,0.14764639273796173,1.1591029566654916
5.0,1.085930268008564,0.1442153983329276,0.15343172414783068,1.165828186491827
5.0,1.1316259748461663,0.14985075141373838,0.15942721387615028,1.172838892717007
5.0,1.179244546977152,0.15568964362420476,0.16563925024203846,1.1801472870734573
5.0,1.22886689815015,0.16173817670785368,0.17207432493112979,1.1877661105676274
5.0,1.2805773469465365,0.16800254480307233,0.178739027928567,1.1957086568816053
5.0,1.3344637600550455,0.17448902915159026,0.18564004188931954,1.2039887968353618
5.0,1.3906177015753483,0.18120399226263023,0.19278413592938506,1.2126210039586283
5.0,1.4491345886042917,0.1881538715191507,0.20017815882342793,1.2216203812236541
5.0,1.5101138533691716,0.1953451722147602,0.2078290315967061,1.2310026889924306
5.0,1.5736591121835388,0.2027844600123307,0.21574373950173947,1.240784374234407
5.0,1.63987834151263,0.21047835281806931,0.22392932337308072,1.250982601073265
5.0,1.7088840614475895,0.21843351206783565,0.23239287035677011,1.261615282723968
5.0,1.78079352690025,0.22665663342580755,0.24114150401458395,1.2727011148840588
5.0,1.8557289268433443,0.23515443689919577,0.25018237380701364,1.2842596106460578
5.0,1.9338175919347047,0.24393365637657694,0.25952264396302827,1.2963111370008045
5.0,2.0151922108782383,0.2530010286015404,0.2691694817490641,1.3088769530047013
5.0,2.0999910558893298,0.2623632815977036,0.2791300451543211,1.3219792496870724
5.0,2.1883582176477763,0.27202712256572037,0.2894114700143092,1.3356411917772233
5.0,2.2804438501374875,0.2819992252776497,0.3000208565996336,1.3498869613343094
5.0,2.376404425788993,0.2922862169989427,0.31096525570220895,1.3647418033667926
5.0,2.4764030013582836,0.30289466497328327,0.3222516542563917,1.38023207353207
5.0,2.5806094949937797,0.31383106251055365,0.33388696053787326,1.396385288010841
5.0,2.6892009749622137,0.3251018147232243,0.3458779889885308,1.4132301756549213
5.0,2.80236196052404,0.33671322396143527,0.3582314447207124,1.4307967325115065
5.0,2.920284735469609,0.34867147500187956,0.37095390775959186,1.4491162788313978
5.0,3.0431696748488766,0.36098262005026066,0.3840518170871831,1.4682215186733656
5.0,3.1712255854498315,0.3736525636214963,0.39753145455628797,1.488146602221708
5.0,3.304670060604175,0.38668704736592124,0.4113989287469921,1.5089271909391424
5.0,3.443729849923151,0.4000916349134312,0.4256601588422489,1.5306005256824642
5.0,3.58864124459177,0.4138716968107314,0.4403208586025175,1.553205497913928
5.0,3.7396504788761398,0.428032395629561,0.45538652052230366,1.576782724147079
5.0,3.8970141485261283,0.44257867132586715,0.47086240025368703,1.6013746237717628
5.0,4.060999646784322,0.45751522693137253,0.48675350138348494,1.6270255004093277
5.0,4.231885618742145,0.4728465146597427,0.5030645606515106,1.6537816269555816
5.0,4.409962434815182,0.48857672250958634,0.5198000336974162,1.6816913344759088
5.0,4.5955326841422455,0.5047097614457685,0.5369640814228063,1.710805105124103
5.0,4.788911688746551,0.5212492532389659,0.5545605570536597,1.7411756692639424
5.0,4.990428039332705,0.5381985190410279,0.5725929939855796,1.7728581069803364
5.0,5.200424153629888,0.5555605687705246,0.591064594491008,1.8059099541750467
5.0,5.419256858230018,0.5733380913788805,0.6099782193632995,1.840391313450512
5.0,5.647297994909514,0.5915334460627218,0.6293363785674798,1.876364969994234
5.0,5.8849350524649715,0.6101486544825645,0.6491412229616553,1.9138965126855372
5.0,6.132571825136316,0.6291853940417533,0.6693945371464324,1.9530544606562632
5.0,6.39062909873628,0.6486449922727383,0.6900977334924386,1.993910395547207
5.0,6.65954536565205,0.6685284223703669,0.711251847388163,2.0365390997127943
5.0,6.9397775699340185,0.6888362999039961,0.7328575337419503,2.0810187006376974
5.0,7.0,0.6931471805599453,0.7374439084237363,2.090584952557725
5.0,7.23180188373772,0.709568880731968,0.7549150647631969,2.1274308218408087
5.0,7.5361145164382695,0.7307260601334374,0.7774243290386973,2.175860740554269
5.0,7.8532325577921425,0.7523073731638018,0.8003848319107877,2.2263975524780664
5.0,8.183694856579041,0.7743119962311774,0.8237956971545701,2.2791343439241807
5.0,8.528062936216804,0.7967387498825744,0.847655669942142,2.3341683716782966
5.0,8.886921948905186,0.8195861027797884,0.8719631210725745,2.3916012509218336
5.0,9.260881669919817,0.8428521768366255,0.8967160524374395,2.4515391515724305
5.0,9.6505775337458,0.8665347534810289,0.9219121036831289,2.514093003417145
5.0,10.056671713811626,0.8906312809980652,0.9475485600231062,2.5793787104294714
5.0,10.479854247658004,0.9151388829026448,0.9736223611456993,2.64751737467891
5.0,10.920844209453602,0.9400543672843792,1.0001301111561571,2.718635530260283
5.0,11.380390931849947,0.9653742370611591,1.0270680894854998,2.7928653876892438
5.0,11.859275279251726,0.9910947010729667,1.054432262693298,2.8703450892306024
5.0,12.358310974666047,1.0172116859431128,1.082218297086925,2.9512189756472074
5.0,12.878345982385166,1.043720848630567,1.1104215720760615,3.0356378648790887
5.0,13.420263948852282,1.07061758959435,1.139037194178383,3.1237593431857023
5.0,13.984985704158541,1.097897066489053,1.1680600115903121,3.215748069308092
5.0,14.573470826722824,1.1255542083094778,1.1974846292355972,3.3117760922330617
5.0,15.186719273812823,1.1535837299020806,1.2273054242041324,3.412023183167635
5.0,15.825773080678108,1.1819801467613735,1.2575165614939503,3.5166771823596674
5.0,16.491718131182388,1.2107377900306098,1.2881120099705485,3.6259343614290946
5.0,17.1856860029435,1.2398508216279238,1.3190855584596926,3.7399998019043674
5.0,17.908855890116588,1.2693132494215638,1.3504308318924465,3.8590877906899332
5.0,18.662456607087464,1.2991189423808551,1.3821413074243842,3.9834222332233318
5.0,19.44776867648105,1.3292616456330582,1.4142103304546798,4.113237085114764
5.0,20.26612650503269,1.3597349953601767,1.4466311304749235,4.248776803097607
5.0,21.11892065101963,1.3905325334740786,1.4793968366820782,4.39029681615574
5.0,22.007600187105616,1.4216477220128325,1.5125004932948396,4.538064017732513
5.0,22.933675162613348,1.4530739572059415,1.5459350745177314,4.69235727996689
5.0,23.898719169408917,1.4848045831610868,1.579693499102523,4.8534679909448535
5.0,24.904372015758064,1.5168329051299927,1.6137686444618733,5.021700615998551
5.0,25.952342512697637,1.5491522023160713,1.6481533602954666,5.197373284132103
5.0,27.04441137765714,1.581755740191515,1.6828404816942517,5.380818400701479
5.0,28.1824342602638,1.6146367822964254,1.7178228416936134,5.572383287526388
5.0,29.368344895473083,1.6477886014973975,1.7530932832514545,5.772430851665187
5.0,30.0,1.6650077635889111,1.771412864645827,5.879153944957476
5.0,30.604158389382015,1.681204490687596,1.7886446706320793,5.98134028413886
5.0,31.89197464330902,1.7148777729148463,1.8244699001815363,6.199507789948037
5.0,33.23398192195816,1.7488018109284564,1.8605619104845466,6.427347350787164
5.0,34.632460571730896,1.7829700161394837,1.8969136918973906,6.665291521922964
5.0,36.0897868955038,1.817375856992875,1.9335182954550842,6.9137922647702
5.0,37.60843719045577,1.8520128667533289,1.97036884115481,7.1733218167663475
5.0,39.19099195580641,1.886874650709893,2.007458525620935,7.444373600218716
5.0,40.840140277614886,1.9219548928071555,2.044780629159981,7.727463171872513
5.0,42.55868439809032,1.9572473617134627,2.082328522216641,8.023129215026744
5.0,44.349544477177695,1.9927459163388688,2.1200956712443633,8.331934576106713
5.0,46.215763554510126,2.0284445108175166,2.158075644006139,8.654467347687408
5.0,48.16051272015931,2.064337198970883,2.1962621143229777,8.991342000051535
5.0,50.18709650296962,2.100418138269758,2.234648866289086,9.343200563459142
5.0,52.29895848563244,2.1366815933140666,2.273229797974071,9.710713863403583
5.0,54.49968715604147,2.173121938850586,2.311998924633511,10.094582811230296
5.0,56.79302200487161,2.209733662349377,2.3509503814500374,10.495539752601372
5.0,59.18285987974302,2.2465113661603024,2.3900784258276686,10.914349876400415
5.0,61.673261606766516,2.2834497692713303,2.429377439262481,11.351812686787998
5.0,64.26845889072264,2.320543708690545,2.468841928812942,11.808763541239964
5.0,66.97286150559826,2.3577881404737786,2.508466528193208,12.286075257527283
5.0,69.7910647876998,2.3951781404196764,2.5482459985126167,12.78465979272915
5.0,72.72785744407477,2.432708904453775,2.5881752286843045,13.305469997509253
5.0,75.7882296895099,2.4703757487227986,2.6282492355255327,13.849501449030015
5.0,78.97738172593277,2.5081741094199628,2.6684631635718232,14.417794366030915
5.0,82.30073257862412,2.5460995423615103,2.708812284626436,15.011435609754827
5.0,85.76392930425685,2.5841477223341385,2.749291997066092,15.631560774571632
5.0,89.37285658640647,2.6223144422322893,2.789897824923127,16.27935637232057
5.0,90.0,2.6288008294480694,2.796798735543712,16.392087281192172
5.0,93.13364673483916,2.6605956120035943,2.8306254167635476,16.95606211457342
5.0,97.05269010556735,2.698987257420015,2.871470544379637,17.662973297208598
5.0,101.13664595937888,2.7374855186914417,2.912429101314954,18.401443291883048
5.0,105.39245377729083,2.776086648937759,2.953497101238754,19.17288614919465
5.0,109.82734505215552,2.8147870125345533,2.994670676185975,19.978779318542426
5.0,114.4488555764537,2.853583083346855,3.0359460746781046,20.820666489916096
5.0,119.26483824715625,2.892471442864512,3.0773196597393917,21.700160563081635
5.0,124.28347640941176,2.9314487782519896,3.118787906822016,22.618946749873906
5.0,129.5132977617325,2.970511880324602,3.160347401652986,23.57878581556344
5.0,134.96318884630867,3.009657641462442,3.2019948380147567,24.581517465532446
5.0,140.6424101490711,3.0488830534725038,3.243727015470724,25.62906388377418
5.0,146.56061183516235,3.088185205408773,3.2855408370460095,26.72343343002173
5.0,152.72785014655128,3.127561281359357,3.32743330687317,27.8667245026174
5.0,159.15460448965692,3.1670085582090657,3.3694015278117915,29.061129574553117
5.0,165.85179524201618,3.2065244033851776,3.411442699050198,30.308939410444726
5.0,172.83080230825027,3.2461062725935186,3.4535541136968475,31.612547472551046
5.0,180.0,3.2851984677992734,3.495144560906208,32.95505162080268
5.0,180.10348445686424,3.2857517075513916,3.4957331563683836,32.974454524312755
5.0,187.6821994707333,3.32545833372332,3.537977300780675,34.39727344026539
5.0,195.57982514551875,3.3652238580650384,3.5802841073486347,35.88373423157812
5.0,203.80978117169033,3.4050460667806464,3.622651220800038,37.436689296884055
5.0,212.3860519373412,3.4449228230973827,3.6650763678080938,39.05911890850216
5.0,221.3232102905404,3.484852065062016,3.707557354647006,40.7541369446028
5.0,230.6364423015979,3.5248318033624013,3.7500920648743166,42.52499687834155
5.0,240.34157306732249,3.564860119177415,3.792678457043433,44.37509803548177
5.0,250.45509360111583,3.604935162058039,3.8353145624493044,46.30799213254109
5.0,260.99418885459727,3.645055147842087,3.8779984829098804,48.327390108037626
5.0,271.9767669183699,3.6852183566046746,3.9207283885856046,50.43716925997426
5.0,283.42148945155054,3.725423130646311,3.963502515838934,52.64138070329038
5.0,295.3478033917681,3.7656678725201638,4.006319165135529,54.944257161623774
5.0,307.7759739995089,3.805951043099791,4.049176698988501,57.350221108368736
5.0,320.7271192929636,3.846271159688446,4.0920735399468935,59.86389327269034
5.0,334.2232459318834,3.886626794170791,4.135008168629275,62.49010152685339
5.0,348.28728661142253,3.927016571207697,4.177979121803171,65.23389017196067
5.0,362.9431390295026,3.9674391664745956,4.22098499051084,68.10052963996053
5.0,365.0,3.972983705217833,4.226883862259719,68.50343309994803
5.0,378.21570649391754,4.007893304943711,4.26402441824173,71.0955266305837
5.0,394.1309402381772,4.04837775921034,4.307096099151789,74.22463470270726
5.0,410.7158835179885,4.08889134786319,4.350198776329663,77.49386534051611
5.0,427.99871756331135,4.129432933898706,4.393331240109688,80.90949951574692
5.0,446.0088094640633,4.170001423179168,4.436492326431445,84.47809976825226
5.0,464.77676207084824,4.210595762934267,4.479680915245582,88.20652282812202
5.0,484.3344659954912,4.251214940305748,4.522895928965443,92.10193280363573
5.0,504.7151537997487,4.291857980934678,4.566136330964064,96.17181496041557
5.0,525.9534564642684,4.332523947590781,4.6094011241159025,100.42399011827841
5.0,548.085462233745,4.373211938843241,4.6526893493827,104.86662969347937
5.0,571.1487779382733,4.413921087772328,4.696000084442776,109.50827141527866
5.0,595.1825928950883,4.454650560721148,4.739332442362998,114.35783574705971
5.0,620.2277454992734,4.495399556086754,4.782685570312647,119.42464304358195
5.0,646.3267926165958,4.536167303149898,4.826058648318372,124.71843147737032
5.0,673.5240818963732,4.576953060942558,4.8694508880593546,130.24937576871648
5.0,701.8658271272552,4.6177561171524895,4.912861531701846,136.02810675532172
5.0,730.0,4.656677743134023,4.954270509175926,141.7791420562367
5.0,731.4001867639511,4.658575787063892,4.956289850772139,142.06573183921466
5.0,762.1773457583524,4.699411412533392,4.999735145067109,148.373856350276
5.0,794.2496008340909,4.74026236100046,5.043196741601391,154.96460586745934
5.0,827.6714493494242,4.781128024531377,5.086673993590245,161.85064954063532
5.0,862.4996818994599,4.822007818895898,5.130166279467218,169.0452244579214
5.0,898.7934788150566,4.862901182675745,5.17367300193566,176.56216110536218
5.0,936.6145107223815,4.9038075764040325,5.217193587053152,184.41590996792718
5.0,976.0270433339847,4.944726481734779,5.260727483347948,192.62156932299027
5.0,1017.0980466494655,4.985657400641646,5.304274160966503,201.1949142797496
5.0,1059.89730875128,5.026599854645041,5.34783311085119,210.1524271204394
5.0,1104.4975543890419,5.067553384066753,5.391403843947293,219.51132900168915
5.0,1150.974568553834,5.1085175473112825,5.434985890438416,229.28961307700848
5.0,1199.4073252524952,5.14949192017306,5.478578799009422,239.5060791040993
5.0,1249.8781217007058,5.190476095168732,5.522182136136055,250.1803696035609
5.0,1302.472718162878,5.2314696808937375,5.565795485400392,261.33300763853157
5.0,1357.2804836764876,5.272472301402392,5.609418446831313,272.98543628793294
5.0,1414.3945479084566,5.313483595610734,5.65305063626918,285.1600598892388
5.0,1473.9119594016026,5.354503216721356,5.696691684753921,297.8802871300888
5.0,1535.933850480083,5.395530831669548,5.740341237935769,311.17057607163525
5.0,1600.5656090940097,5.436566120589991,5.783998955507876,325.05648119021083
5.0,1667.9170578952617,5.4776087763033425,5.827664510660092,339.56470252780497
5.0,1738.1026408487496,5.518658503822018,5.87133758955316,354.7231370458709
5.0,1811.2416176962565,5.55971501987453,5.915017890812652,370.560932281247
5.0,1825.0,5.567253396178763,5.9230380196408055,373.5448283178561
5.0,1887.458266603275,5.600778052447735,5.9587051250419725,387.10854240738934
5.0,1966.8820953331624,5.641847340346356,6.002399014353723,404.3977868087315
5.0,2049.6480613074755,5.682922632769197,6.04609929191884,422.4619112808486
5.0,2135.8968009263863,5.724003688901447,6.089805701532839,441.3356519741206
5.0,2225.77486853886,5.765090277522507,6.133517997198583,461.0553022038912
5.0,2319.434985468627,5.806182176628782,6.177235942724965,481.65878225561534
5.0,2417.03629951913,5.847279173070913,6.220959311340962,503.18571231926404
5.0,2518.744655398385,5.888381062204911,6.264687885324469,525.677488693258
5.0,2624.7328765232382,5.929487647556707,6.308421455645412,549.1773634045002
5.0,2735.1810586819056,5.970598740499613,6.352159821622601,573.7305273976515
5.0,2850.2768760537683,6.01171415994424,6.395902790593829,599.3841974536454
5.0,2970.2159001063915,6.052833732040389,6.439650177598707,626.1877070046127
5.0,3095.2019319116835,6.093957289890505,6.483401805073814,654.192601019908
5.0,3225.4473484458313,6.135084673274235,6.527157502559646,683.4527351457076
5.0,3361.1734634614786,6.176215728383701,6.570917106418979,714.0243792888896
5.0,3502.610903545296,6.217350307569075,6.614680459566175,745.9663258444033
5.0,3650.0,6.258488269094068,6.65844741120705,779.3400027742967
8.0,0.0,0.0,0.0,1.0
8.0,1.0,0.13353139262452263,0.1379538815607262,1.1479226086542773
8.0,1.04207978005936,0.13877757979574964,0.14337381966996107,1.1541611691815012
8.0,1.085930268008564,0.1442153983329276,0.14899173587439973,1.1606633973013563
8.0,1.1316259748461663,0.14985075141373838,0.15481372886183956,1.1674404803835474
8.0,1.179244546977152,0.15568964362420476,0.16084600208700922,1.1745040837085745
8.0,1.22886689815015,0.16173817670785368,0.16709485937994664,1.181866371102277
8.0,1.2805773469465365,0.16800254480307233,0.17356670002561875,1.1895400264738392
8.0,1.3344637600550455,0.17448902915159026,0.18026801329715136,1.1975382762972855
8.0,1.3906177015753483,0.18120399226263023,0.18720537242669982,1.205874913078265
8.0,1.4491345886042917,0.1881538715191507,0.1943854279999336,1.2145643198497675
8.0,1.5101138533691716,0.1953451722147602,0.201814900762337,1.2236214957423215
8.0,1.5736591121835388,0.2027844600123307,0.20950057382805565,1.2330620826762384
8.0,1.63987834151263,0.21047835281806931,0.217449284284842,1.2429023932255354
8.0,1.7088840614475895,0.21843351206783565,0.22566791419178,1.253159439705346
8.0,1.78079352690025,0.22665663342580755,0.23416338096989553,1.2638509645368832
8.0,1.8557289268433443,0.23515443689919577,0.24294262718947576,1.2749954719463756
8.0,1.9338175919347047,0.24393365637657694,0.25201260976191725,1.2866122610568431
8.0,2.0151922108782383,0.2530010286015404,0.26138028854818574,1.298721460434133
8.0,2.0999910558893298,0.2623632815977036,0.27105261440047423,1.31134406415129
8.0,2.1883582176477763,0.27202712256572037,0.28103651665836654,1.3245019694381024
8.0,2.2804438501374875,0.2819992252776497,0.29133889012571446,1.3382180159855466
8.0,2.376404425788993,0.2922862169989427,0.30196658155948747,1.3525160269778445
8.0,2.4764030013582836,0.30289466497328327,0.312926375706999,1.367420851927979
8.0,2.5806094949937797,0.31383106251055365,0.3242249809331123,1.3829584113957534
8.0,2.6892009749622137,0.3251018147232243,0.33586901448422735,1.3991557436708741
8.0,2.80236196052404,0.33671322396143527,0.3478649874409799,1.416041053507056
8.0,2.920284735469609,0.34867147500187956,0.36021928941658826,1.4336437629968208
8.0,3.0431696748488766,0.36098262005026066,0.3729381730626006,1.4519945646804877
8.0,3.1712255854498315,0.3736525636214963,0.38602773844833843,1.4711254769868334
8.0,3.304670060604175,0.38668704736592124,0.39949391738455203,1.491069902107057
8.0,3.443729849923151,0.4000916349134312,0.41334245776560974,1.511862686408006
8.0,3.58864124459177,0.4138716968107314,0.4275789080078767,1.5335401834951279
8.0,3.7396504788761398,0.428032395629561,0.44220860166473125,1.5561403200403232
8.0,3.8970141485261283,0.44257867132586715,0.45723664230084277,1.5797026644947614
8.0,4.060999646784322,0.45751522693137253,0.47266788870985144,1.604268498811848
8.0,4.231885618742145,0.4728465146597427,0.4885069405603792,1.629880893310854
8.0,4.409962434815182,0.48857672250958634,0.5047581245553285,1.6565847848172848
8.0,4.5955326841422455,0.5047097614457685,0.5214254811886475,1.6844270582218746
8.0,4.788911688746551,0.5212492532389659,0.5385127521821377,1.7134566316061415
8.0,4.990428039332705,0.5381985190410279,0.5560233686824371,1.7437245450887737
8.0,5.200424153629888,0.5555605687705246,0.5739604402950234,1.7752840535537133
8.0,5.419256858230018,0.5733380913788805,0.5923267450279665,1.8081907234276993
8.0,5.647297994909514,0.5915334460627218,0.6111247202132345,1.8425025336822307
8.0,5.8849350524649715,0.6101486544825645,0.6303564544676677,1.8782799812424371
8.0,6.132571825136316,0.6291853940417533,0.6500236807493206,1.915586190993182
8.0,6.39062909873628,0.6486449922727383,0.6701277705578141,1.954487030580948
8.0,6.65954536565205,0.6685284223703669,0.6906697293196933,1.9950512302186107
8.0,6.9397775699340185,0.6888362999039961,0.7116501929916458,2.0373505077091605
8.0,7.0,0.6931471805599453,0.7161038477296405,2.0464443989452
8.0,7.23180188373772,0.709568880731968,0.7330694259059063,2.081459698913798
8.0,7.5361145164382695,0.7307260601334374,0.7549273198733308,2.12745689389959
8.0,7.8532325577921425,0.7523073731638018,0.777223394550598,2.1754235790120764
8.0,8.183694856579041,0.7743119962311774,0.7999567990688976,2.2254447851289068
8.0,8.528062936216804,0.7967387498825744,0.823126314912382,2.2776092423616947
8.0,8.886921948905186,0.8195861027797884,0.8467303600257371,2.332009541484949
8.0,9.260881669919817,0.8428521768366255,0.8707669941215501,2.3887423023830645
8.0,9.6505775337458,0.8665347534810289,0.8952339251498337,2.4479083498190772
8.0,10.056671713811626,0.8906312809980652,0.9201285168842085,2.509612896842134
8.0,10.479854247658004,0.9151388829026448,0.9454477975719238,2.573965736164477
8.0,10.920844209453602,0.9400543672843792,0.9711884695882109,2.641081439853207
8.0,11.380390931849947,0.9653742370611591,0.9973469200294552,2.7110795676971753
8.0,11.859275279251726,0.9910947010729667,1.0239192321744288,2.7840848846251265
8.0,12.358310974666047,1.0172116859431128,1.0509011977383658,2.860227587567671
8.0,12.878345982385166,1.043720848630567,1.078288329841019,2.9396435421728224
8.0,13.420263948852282,1.07061758959435,1.1060758766070506,3.0224745298027926
8.0,13.984985704158541,1.097897066489053,1.1342588353151388,3.1088685052584197
8.0,14.573470826722824,1.1255542083094778,1.1628319670110814,3.1989798656971598
8.0,15.186719273812823,1.1535837299020806,1.1917898114998509,3.2929697312309325
8.0,15.825773080678108,1.1819801467613735,1.2211267026320451,3.3910062377113883
8.0,16.491718131182388,1.2107377900306098,1.250836783801387,3.4932648422323593
8.0,17.1856860029435,1.2398508216279238,1.2809140235718346,3.5999286419024017
8.0,17.908855890116588,1.2693132494215638,1.3113522313554087,3.7111887064645077
8.0,18.662456607087464,1.2991189423808551,1.3421450730649493,3.827244425365265
8.0,19.44776867648105,1.3292616456330582,1.3732860866696475,3.9483038699020705
8.0,20.26612650503269,1.3597349953601767,1.4047686975852283,4.074584171104384
8.0,21.11892065101963,1.3905325334740786,1.4365862338351043,4.206311914033724
8.0,22.007600187105616,1.4216477220128325,1.468731940923511,4.3437235492169055
8.0,22.933675162613348,1.4530739572059415,1.501198996366573,4.487065821958208
8.0,23.898719169408917,1.4848045831610868,1.533980523832347,4.6365962203087
8.0,24.904372015758064,1.5168329051299927,1.5670696068460428,4.7925834425048155
8.0,25.952342512697637,1.5491522023160713,1.6004593020218527,4.955307884723704
8.0,27.04441137765714,1.581755740191515,1.634142651787978,5.125062150039808
8.0,28.1824342602638,1.6146367822964254,1.6681126965765398,5.3021515795055825
8.0,29.368344895473083,1.6477886014973975,1.7023624864550408,5.486894806319567
8.0,30.0,1.6650077635889111,1.7201519380668213,5.585377031198201
8.0,30.604158389382015,1.681204490687596,1.736885092180823,5.679624334086807
8.0,31.89197464330902,1.7148777729148463,1.771673615664595,5.8806871402205445
8.0,33.23398192195816,1.7488018109284564,1.8067211998334407,6.09044530557961
8.0,34.632460571730896,1.7829700161394837,1.8420210378878443,6.309276671483599
8.0,36.0897868955038,1.817375856992875,1.8775663819511121,6.537575525297718
8.0,37.60843719045577,1.8520128667533289,1.9133505511130973,6.775753315830867
8.0,39.19099195580641,1.886874650709893,1.9493669388734107,7.024239399844795
8.0,40.840140277614886,1.9219548928071555,1.9856090199922336,7.283481821028466
8.0,42.55868439809032,1.9572473617134627,2.0220703567595115,7.553948122850821
8.0,44.349544477177695,1.9927459163388688,2.058744604695655,7.836126196766465
8.0,46.215763554510126,2.0284445108175166,2.0956255176989345,8.130525167313003
8.0,48.16051272015931,2.064337198970883,2.1327069526565463,8.437676315705696
8.0,50.18709650296962,2.100418138269758,2.169982873537811,8.758134043604834
8.0,52.29895848563244,2.1366815933140666,2.207447354989242,9.09247687880421
8.0,54.49968715604147,2.173121938850586,2.2450945854522137,9.441308524665082
8.0,56.79302200487161,2.209733662349377,2.2829188698247167,9.805258955199182
8.0,59.18285987974302,2.2465113661603024,2.3209146316893023,10.18498555778752
8.0,61.673261606766516,2.2834497692713303,2.3590764151296204,10.581174325607591
8.0,64.26845889072264,2.320543708690545,2.3973988861581996,10.994541101932244
8.0,66.97286150559826,2.3577881404737786,2.435876833778115,11.4258328785572
8.0,69.7910647876998,2.3951781404196764,2.474505170701074,11.87582915071252
8.0,72.72785744407477,2.432708904453775,2.5132789337442127,12.345343330915735
8.0,75.7882296895099,2.4703757487227986,2.5521932839275188,12.835224224331217
8.0,78.97738172593277,2.5081741094199628,2.591243506293346,13.346357568311962
8.0,82.30073257862412,2.5460995423615103,2.630425009468927,13.87966763891624
8.0,85.76392930425685,2.5841477223341385,2.6697333249921877,14.43611892731319
8.0,89.37285658640647,2.6223144422322893,2.7091641064204643,15.016717889118004
8.0,90.0,2.6288008294480694,2.7158653193422744,15.11768603977617
8.0,93.13364673483916,2.6605956120035943,2.7487131282410218,15.622514769829714
8.0,97.05269010556735,2.698987257420015,2.7883762846014957,16.25460550968266
8.0,101.13664595937888,2.7374855186914417,2.828149587877575,16.91413373136642
8.0,105.39245377729083,2.776086648937759,2.8680291670944595,17.60229281421976
8.0,109.82734505215552,2.8147870125345533,2.908011266217784,18.320328058660632
8.0,114.4488555764537,2.853583083346855,2.9480922423288574,19.069538944777776
8.0,119.26483824715625,2.892471442864512,2.988268563698283,19.85128148918073
8.0,124.28347640941176,2.9314487782519896,3.02853680777117,20.666970704382955
8.0,129.5132977617325,2.970511880324602,3.0688936590763367,21.51808316517831
8.0,134.96318884630867,3.009657641462442,3.1093359070711526,22.406159686666157
8.0,140.6424101490711,3.0488830534725038,3.149860443932854,23.33280811878194
8.0,146.56061183516235,3.088185205408773,3.190464262306437,24.29970626240176
8.0,152.72785014655128,3.127561281359357,3.231144453018501,25.308604912309804
8.0,159.15460448965692,3.1670085582090657,3.271898202765723,26.36133103254786
8.0,165.85179524201618,3.2065244033851776,3.3127227917859696,27.45979106990596
8.0,172.83080230825027,3.2461062725935186,3.353615591519392,28.605974411563523
8.0,180.0,3.2851984677992734,3.3940024995068483,29.784928171360903
8.0,180.10348445686424,3.2857517075513916,3.394574062266274,29.80195699315242
8.0,187.6821994707333,3.32545833372332,3.435595750847782,31.04990506378567
8.0,195.57982514551875,3.3652238580650384,3.4766782882752403,32.35207911488036
8.0,203.80978117169033,3.4050460667806464,3.517819387433002,33.710837979900155
8.0,212.3860519373412,3.4449228230973827,3.559016840779525,35.128643112453254
8.0,221.3232102905404,3.484852065062016,3.600268518070779,36.60806305050494
8.0,230.6364423015979,3.5248318033624013,3.6415723641096567,38.15177807480062
8.0,240.34157306732249,3.564860119177415,3.6829263965246954,39.762585069949075
8.0,250.45509360111583,3.604935162058039,3.724328703580986,41.44340259698147
8.0,260.99418885459727,3.645055147842087,3.7657774420258376,43.197276186586905
8.0,271.9767669183699,3.6852183566046746,3.807270834971364,45.02738386262317
8.0,283.42148945155054,3.725423130646311,3.848807169815947,46.9370419059221
8.0,295.3478033917681,3.7656678725201638,3.890384796206162,48.92971086884225
8.0,307.7759739995089,3.805951043099791,3.932002124040515,51.00900185147659
8.0,320.7271192929636,3.846271159688446,3.973657621516128,53.17868305089944
8.0,334.2232459318834,3.886626794170791,4.015349813219243,55.442686595329704
8.0,348.28728661142253,3.927016571207697,4.057077278260225,57.80511567560534
8.0,362.9431390295026,3.9674391664745956,4.0988386484535795,60.270251986903205
8.0,365.0,3.972983705217833,4.104566819380729,60.616480974814614
8.0,378.21570649391754,4.007893304943711,4.140632606543288,62.84256349420085
8.0,394.1309402381772,4.04837775921034,4.182457884473651,65.52671253556414
8.0,410.7158835179885,4.08889134786319,4.224313261705663,68.32756427795711
8.0,427.99871756331135,4.129432933898706,4.266197563578812,71.25019554090954
8.0,446.0088094640633,4.170001423179168,4.308109659718118,74.2999040040463
8.0,464.77676207084824,4.210595762934267,4.350048462486078,77.48221781517664
8.0,484.3344659954912,4.251214940305748,4.392012925479107,80.80290561636882
8.0,504.7151537997487,4.291857980934678,4.4340020420680215,84.26798700619543
8.0,525.9534564642684,4.332523947590781,4.476014843981975,87.88374345712236
8.0,548.085462233745,4.373211938843241,4.518050399935242,91.6567297078428
8.0,571.1487779382733,4.413921087772328,4.5601078142961695,95.59378565121703
8.0,595.1825928950883,4.454650560721148,4.602186225797589,99.70204873938025
8.0,620.2277454992734,4.495399556086754,4.64428480628789,103.98896692851314
8.0,646.3267926165958,4.536167303149898,4.68640275952201,108.46231218675811
8.0,673.5240818963732,4.576953060942558,4.7285393199914605,113.13019458977287
8.0,701.8658271272552,4.6177561171524895,4.770693751792591,118.00107702949254
8.0,730.0,4.656677743134023,4.810904441393542,122.84267128568641
8.0,731.4001867639511,4.658575787063892,4.812865347532179,123.08379056277072
8.0,762.1773457583524,4.699411412533392,4.855053427269491,128.3875504277399
8.0,794.2496008340909,4.74026236100046,4.897257337493927,133.92197275693988
8.0,827.6714493494242,4.781128024531377,4.939476450137325,139.69709201752144
8.0,862.4996818994599,4.822007818895898,4.981710161620046,145.7233792101603
8.0,898.7934788150566,4.862901182675745,5.023957891929934,152.01176085968527
8.0,936.6145107223815,4.9038075764040325,5.066219083733249,158.57363883186417
8.0,976.0270433339847,4.944726481734779,5.108493201516663,165.42091101228374
8.0,1017.0980466494655,4.985657400641646,5.15077973075947,172.56599288483574
8.0,1059.89730875128,5.026599854645041,5.193078177135087,180.02184004893655
8.0,1104.4975543890419,5.067553384066753,5.235388065741004,187.80197171632332
8.0,1150.974568553834,5.1085175473112825,5.277708940356313,195.9204952300395
8.0,1199.4073252524952,5.14949192017306,5.320040362725981,204.3921316500801
8.0,1249.8781217007058,5.190476095168732,5.362381911871023,213.23224245209752
8.0,1302.472718162878,5.2314696808937375,5.404733183423764,222.45685738759065
8.0,1357.2804836764876,5.272472301402392,5.4470937889874005,232.08270355610745
8.0,1414.3945479084566,5.313483595610734,5.4894633555190575,242.12723574218538
8.0,1473.9119594016026,5.354503216721356,5.531841524735586,252.60866807204945
8.0,1535.933850480083,5.395530831669548,5.574227952541347,263.5460070474847
8.0,1600.5656090940097,5.436566120589991,5.61662230847725,274.95908601679145
8.0,1667.9170578952617,5.4776087763033425,5.659024275190339,286.86860114534534
8.0,1738.1026408487496,5.518658503822018,5.701433547923195,299.29614895099286
8.0,1811.2416176962565,5.55971501987453,5.743849834022529,312.26426547236565
8.0,1825.0,5.567253396178763,5.751637877353722,314.70568771367124
8.0,1887.458266603275,5.600778052447735,5.786272852466267,325.79646714114796
8.0,1966.8820953331624,5.641847340346356,5.828702333408483,339.91729343242235
8.0,2049.6480613074755,5.682922632769197,5.871138017741577,354.6523513704481
8.0,2135.8968009263863,5.724003688901447,5.913579656675082,370.02836197059366
8.0,2225.77486853886,5.765090277522507,5.956027011330493,386.07320870164347
8.0,2319.434985468627,5.806182176628782,5.998479852351574,402.81598805637964
8.0,2417.03629951913,5.847279173070913,6.040937959529571,420.2870623221534
8.0,2518.744655398385,5.888381062204911,6.083401121442797,438.5181146471525
8.0,2624.7328765232382,5.929487647556707,6.125869135110065,457.5422065022321
8.0,2735.1810586819056,5.970598740499613,6.16834180565747,477.3938376425311
8.0,2850.2768760537683,6.01171415994424,6.210818945998041,498.109008677621
8.0,2970.2159001063915,6.052833732040389,6.253300376523751,519.7252863636546
8.0,3095.2019319116835,6.093957289890505,6.295785924809485,542.2818717359546
8.0,3225.4473484458313,6.135084673274235,6.338275425328479,565.8196712055881
8.0,3361.1734634614786,6.176215728383701,6.38076871917882,590.3813707488822
8.0,3502.610903545296,6.217350307569075,6.423265653820594,616.011513324431
8.0,3650.0,6.258488269094068,6.465766082823282,642.7565796580005
12.0,0.0,0.0,0.0,1.0
12.0,1.0,0.13353139262452263,0.1324724713531135,1.1416475876432863
12.0,1.04207978005936,0.13877757979574964,0.1376770555792935,1.1476048778316303
12.0,1.085930268008564,0.1442153983329276,0.14307175150982515,1.1538125864911428
12.0,1.1316259748461663,0.14985075141373838,0.14866241550942527,1.1602812301389132
12.0,1.179244546977152,0.15568964362420476,0.15445500454697025,1.1670217662030402
12.0,1.22886689815015,0.16173817670785368,0.16045557197836907,1.174045611458083
12.0,1.2805773469465365,0.16800254480307233,0.16667026282168776,1.1813646612284654
12.0,1.3344637600550455,0.17448902915159026,0.17310530850759379,1.188991309391711
12.0,1.3906177015753483,0.18120399226263023,0.1797670210897862,1.1969384692147218
12.0,1.4491345886042917,0.1881538715191507,0.18666178690194118,1.2052195950576776
12.0,1.5101138533691716,0.1953451722147602,0.19379605964984484,1.2138487049815925
12.0,1.5736591121835388,0.2027844600123307,0.20117635292981054,1.2228404042970475
12.0,1.63987834151263,0.21047835281806931,0.20880923216719038,1.232209910093197
12.0,1.7088840614475895,0.21843351206783565,0.21670130597179318,1.2419730767877641
12.0,1.78079352690025,0.22665663342580755,0.224859216910311,1.2521464227404506
12.0,1.8557289268433443,0.23515443689919577,0.23328963169942532,1.2627471579739495
12.0,1.9338175919347047,0.24393365637657694,0.2419992308271026,1.2737932130486016
12.0,2.0151922108782383,0.2530010286015404,0.25099469761368126,1.2853032691386572
12.0,2.0999910558893298,0.2623632815977036,0.2602827067286784,1.2972967893601148
12.0,2.1883582176477763,0.27202712256572037,0.2698699121837763,1.3097940514021995
12.0,2.2804438501374875,0.2819992252776497,0.2797629348271556,1.3228161815167208
12.0,2.376404425788993,0.2922862169989427,0.28996834936919214,1.3363851899218315
12.0,2.4764030013582836,0.30289466497328327,0.3004926709744754,1.3505240076790723
12.0,2.5806094949937797,0.31383106251055365,0.3113423414600976,1.3652565251050568
12.0,2.6892009749622137,0.3251018147232243,0.3225237151451561,1.3806076317817353
12.0,2.80236196052404,0.33671322396143527,0.33404304440133653,1.3966032582318515
12.0,2.920284735469609,0.34867147500187956,0.34590646495925015,1.4132704193290089
12.0,3.0431696748488766,0.36098262005026066,0.35811998102982384,1.430637259514679
12.0,3.1712255854498315,0.3736525636214963,0.3706894503044058,1.4487330998975254
12.0,3.304670060604175,0.38668704736592124,0.3836205689012986,1.4675884873135845
12.0,3.443729849923151,0.4000916349134312,0.39691885633009083,1.487235245429144
12.0,3.58864124459177,0.4138716968107314,0.41058964054835556,1.507706527971603
12.0,3.7396504788761398,0.428032395629561,0.42463804318796805,1.5290368741771858
12.0,3.8970141485261283,0.44257867132586715,0.4390689650303837,1.5512622665481066
12.0,4.060999646784322,0.45751522693137253,0.4538870718116734,1.574420191015691
12.0,4.231885618742145,0.4728465146597427,0.4690967804388706,1.5985496996099962
12.0,4.409962434815182,0.48857672250958634,0.48470224569921155,1.623691475740716
12.0,4.5955326841422455,0.5047097614457685,0.5007073475431023,1.6498879021985378
12.0,4.788911688746551,0.5212492532389659,0.5171156790201082,1.677183131990719
12.0,4.990428039332705,0.5381985190410279,0.5339305349449137,1.705623162129414
12.0,5.200424153629888,0.5555605687705246,0.5511549013670437,1.7352559104962595
12.0,5.419256858230018,0.5733380913788805,0.5687914459141891,1.7661312959119086
12.0,5.647297994909514,0.5915334460627218,0.5868425090742407,1.7983013215445887
12.0,5.8849350524649715,0.6101486544825645,0.6053100964756842,1.8318201617973846
12.0,6.132571825136316,0.6291853940417533,0.6241958722198383,1.8667442528197942
12.0,6.39062909873628,0.6486449922727383,0.6435011533116483,1.903132386795191
12.0,6.65954536565205,0.6685284223703669,0.6632269052284003,1.9410458101621857
12.0,6.9397775699340185,0.6888362999039961,0.6833737386579063,1.9805483259344596
12.0,7.0,0.6931471805599453,0.6876504334708461,1.9890366647663635
12.0,7.23180188373772,0.709568880731968,0.7039419074295187,2.021706400290553
12.0,7.5361145164382695,0.7307260601334374,0.7249313076528421,2.064589273612228
12.0,7.8532325577921425,0.7523073731638018,0.746341478070345,2.1092690761574913
12.0,8.183694856579041,0.7743119962311774,0.7681716016213342,2.1558209485621433
12.0,8.528062936216804,0.7967387498825744,0.7904205082060352,2.2043231673717916
12.0,8.886921948905186,0.8195861027797884,0.813086678629954,2.2548572758146923
12.0,9.260881669919817,0.8428521768366255,0.8361682497003642,2.3075082200345687
12.0,9.6505775337458,0.8665347534810289,0.8596630204387733,2.3623644910116735
12.0,10.056671713811626,0.8906312809980652,0.8835684593656783,2.4195182724098903
12.0,10.479854247658004,0.9151388829026448,0.9078817128068897,2.479065594597565
12.0,10.920844209453602,0.9400543672843792,0.9325996141642826,2.5411064951000952
12.0,11.380390931849947,0.9653742370611591,0.9577186940880626,2.6057451857530363
12.0,11.859275279251726,0.9910947010729667,0.983235191482603,2.673090226835684
12.0,12.358310974666047,1.0172116859431128,1.00914506527362,2.7432547084767767
12.0,12.878345982385166,1.043720848630567,1.0354440068609623,2.816356439636059
12.0,13.420263948852282,1.07061758959435,1.0621274531786076,2.892518144978163
12.0,13.984985704158541,1.097897066489053,1.0891906002815746,2.971867669968379
12.0,14.573470826722824,1.1255542083094778,1.1166284173783938,3.054538194533678
12.0,15.186719273812823,1.1535837299020806,1.1444356612274753,3.1406684556466113
12.0,15.825773080678108,1.1819801467613735,1.1726068908161713,3.2304029792046145
12.0,16.491718131182388,1.2107377900306098,1.201136482242505,3.323892321592801
12.0,17.1856860029435,1.2398508216279238,1.2300186437213572,3.4212933213344403
12.0,17.908855890116588,1.2693132494215638,1.2592474306393584,3.5227693612502424
12.0,18.662456607087464,1.2991189423808551,1.2888167605857033,3.6284906415650187
12.0,19.44776867648105,1.3292616456330582,1.3187204282896041,3.738634464418691
12.0,20.26612650503269,1.3597349953601767,1.3489521203989678,3.853385530257558
12.0,21.11892065101963,1.3905325334740786,1.379505430039139,3.9729362466016482
12.0,22.007600187105616,1.4216477220128325,1.4103738710950724,4.097487049704638
12.0,22.933675162613348,1.4530739572059415,1.4415508921650286,4.227246739644347
12.0,23.898719169408917,1.4848045831610868,1.4730298901387786,4.362432829404269
12.0,24.904372015758064,1.5168329051299927,1.504804223358269,4.503271908529984
12.0,25.952342512697637,1.5491522023160713,1.536867224323701,4.650000021968627
12.0,27.04441137765714,1.581755740191515,1.5692122119129466,4.80286306472501
12.0,28.1824342602638,1.6146367822964254,1.6018325030871086,4.962117192994348
12.0,29.368344895473083,1.6477886014973975,1.6347214240598225,5.128029252459208
12.0,30.0,1.6650077635889111,1.6518040359614807,5.216381884313424
12.0,30.604158389382015,1.681204490687596,1.667872320912481,5.300877224466824
12.0,31.89197464330902,1.7148777729148463,1.7012785696420065,5.48095069083297
12.0,33.23398192195816,1.7488018109284564,1.734933585631966,5.66855131804963
12.0,34.632460571730896,1.7829700161394837,1.7688308325417827,5.863993361706141
12.0,36.0897868955038,1.817375856992875,1.8029638306124824,6.067604191967353
12.0,37.60843719045577,1.8520128667533289,1.8373261643908136,6.279724840987476
12.0,39.19099195580641,1.886874650709893,1.8719114898767117,6.5007105731750086
12.0,40.840140277614886,1.9219548928071555,1.9067135411019038,6.730931479262338
12.0,42.55868439809032,1.9572473617134627,1.941726136150005,6.9707730951734135
12.0,44.349544477177695,1.9927459163388688,1.9769431826307098,7.220637046724355
12.0,46.215763554510126,2.0284445108175166,2.012358682622662,7.480941721235043
12.0,48.16051272015931,2.064337198970883,2.0479667371013046,7.752122967174813
12.0,50.18709650296962,2.100418138269758,2.0837615498694437,8.034634823012127
12.0,52.29895848563244,2.1366815933140666,2.1197374310094705,8.328950276487072
12.0,54.49968715604147,2.173121938850586,2.1558887998771503,8.635562055576337
12.0,56.79302200487161,2.209733662349377,2.192210187657622,8.95498345247329
12.0,59.18285987974302,2.2465113661603024,2.2286962395048144,9.287749181961145
12.0,61.673261606766516,2.2834497692713303,2.2653417162858056,9.63441627561447
12.0,64.26845889072264,2.320543708690545,2.302141495951877,9.995565013324526
12.0,66.97286150559826,2.3577881404737786,2.339090574557991,10.37179989370602
12.0,69.7910647876998,2.3951781404196764,2.3761840669523497,10.763750645008178
12.0,72.72785744407477,2.432708904453775,2.4134172071574236,11.172073278220557
12.0,75.7882296895099,2.4703757487227986,2.4507853484635005,11.597451184134659
12.0,78.97738172593277,2.5081741094199628,2.488283963255377,12.040596276196093
12.0,82.30073257862412,2.5460995423615103,2.525908642592248,12.502250181058198
12.0,85.76392930425685,2.5841477223341385,2.563655095560316,12.983185478828386
12.0,89.37285658640647,2.6223144422322893,2.601519148416914,13.484206995080916
12.0,90.0,2.6288008294480694,2.6079540977403575,13.571256964447448
12.0,93.13364673483916,2.6605956120035943,2.6394967435443206,14.006153146797066
12.0,97.05269010556735,2.698987257420015,2.6775839382306406,14.54989734448331
12.0,101.13664595937888,2.7374855186914417,2.715776903294402,15.116349452812297
12.0,105.39245377729083,2.776086648937759,2.7540719215687335,15.70645731222935
12.0,109.82734505215552,2.8147870125345533,2.7924653862601962,16.321208324069147
12.0,114.4488555764537,2.853583083346855,2.8309537991965277,16.961631101833113
12.0,119.26483824715625,2.892471442864512,2.8695337689768046,17.628797191389403
12.0,124.28347640941176,2.9314487782519896,2.9082020090367084,18.32382286297198
12.0,129.5132977617325,2.970511880324602,2.946955335640804,19.047870977975474
12.0,134.96318884630867,3.009657641462442,2.985790665813014,19.802152933668076
12.0,140.6424101490711,3.0488830534725038,3.024705015215693,20.58793068907438
12.0,146.56061183516235,3.088185205408773,3.063695495987006,21.406518875416342
12.0,152.72785014655128,3.127561281359357,3.1027593145456085,22.259286994641453
12.0,159.15460448965692,3.1670085582090657,3.141893769370965,23.147661709715113
12.0,165.85179524201618,3.2065244033851776,3.1810962487669987,24.073129230507316
12.0,172.83080230825027,3.2461062725935186,3.2203642286161185,25.037237799263387
12.0,180.0,3.2851984677992734,3.259146417641036,26.02731120433817
12.0,180.10348445686424,3.2857517075513916,3.2596952701301274,26.041600279815647
12.0,187.6821994707333,3.32545833372332,3.299087017603924,27.08789685486604
12.0,195.57982514551875,3.3652238580650384,3.338537196177381,28.177877835850353
12.0,203.80978117169033,3.4050460667806464,3.378043609610287,29.313366590083177
12.0,212.3860519373412,3.4449228230973827,3.417604138074766,30.49626259007884
12.0,221.3232102905404,3.484852065062016,3.4572167359691433,31.728544590148065
12.0,230.6364423015979,3.5248318033624013,3.496879429756777,33.01227393558207
12.0,240.34157306732249,3.564860119177415,3.536590315833045,34.3495980099592
12.0,250.45509360111583,3.604935162058039,3.576347558423229,35.74275382633819
12.0,260.99418885459727,3.645055147842087,3.616149387513781,37.194071768344955
12.0,271.9767669183699,3.6852183566046746,3.6559940968190436,38.705979487407895
12.0,283.42148945155054,3.725423130646311,3.695880041785298,40.281005962660615
12.0,295.3478033917681,3.7656678725201638,3.7358056376336735,41.92178573030123
12.0,307.7759739995089,3.805951043099791,3.7757693574432,43.631063289480444
12.0,320.7271192929636,3.846271159688446,3.8157697302751075,45.41169769208795
12.0,334.2232459318834,3.886626794170791,3.8558053393392,47.26666732411209
12.0,348.28728661142253,3.927016571207697,3.8958748202029647,49.19907488656897
12.0,362.9431390295026,3.9674391664745956,3.9359768590438993,51.21215258433112
12.0,365.0,3.972983705217833,3.941477428875408,51.49462477262921
12.0,378.21570649391754,4.007893304943711,3.9761101909453647,53.30926753153318
12.0,394.1309402381772,4.04837775921034,4.016273598236134,55.49392738259448
12.0,410.7158835179885,4.08889134786319,4.056465908873662,57.769786198275405
12.0,427.99871756331135,4.129432933898706,4.096685994870978,60.14065055657784
12.0,446.0088094640633,4.170001423179168,4.136932770767017,62.61048591870907
12.0,464.77676207084824,4.210595762934267,4.177205192140074,65.18342326075621
12.0,484.3344659954912,4.251214940305748,4.217502254163992,67.86376598215988
12.0,504.7151537997487,4.291857980934678,4.2578229902066305,70.6559971025427
12.0,525.9534564642684,4.332523947590781,4.298166470470072,73.56478675892674
12.0,548.085462233745,4.373211938843241,4.338531800671963,76.59500001587843
12.0,571.1487779382733,4.413921087772328,4.378918120767361,79.7517050016426
12.0,595.1825928950883,4.454650560721148,4.419324603710376,83.04018138387204
12.0,620.2277454992734,4.495399556086754,4.4597504542548805,86.46592919912617
12.0,646.3267926165958,4.536167303149898,4.500194907793527,90.03467805090688
12.0,673.5240818963732,4.576953060942558,4.540657229234268,93.75239669161124
12.0,701.8658271272552,4.6177561171524895,4.581136711913587,97.62530300442876
12.0,730.0,4.656677743134023,4.6197496843503645,101.46862976439638
12.0,731.4001867639511,4.658575787063892,4.621632676545567,101.65987440187315
12.0,762.1773457583524,4.699411412533392,4.662144470205999,105.86285865834115
12.0,794.2496008340909,4.74026236100046,4.70267146535064,110.24128519481401
12.0,827.6714493494242,4.781128024531377,4.743213058866764,114.80247683457172
12.0,862.4996818994599,4.822007818895898,4.783768671157148,119.55406204958219
12.0,898.7934788150566,4.862901182675745,4.824337745255634,124.5039877180452
12.0,936.6145107223815,4.9038075764040325,4.864919745973378,129.66053241442475
12.0,976.0270433339847,4.944726481734779,4.905514159074951,135.03232025419754
12.0,1017.0980466494655,4.985657400641646,4.946120490483425,140.6283353164692
12.0,1059.89730875128,5.026599854645041,4.986738265513615,146.45793666858037
12.0,1104.4975543890419,5.067553384066753,5.027367028132619,152.53087401782622
12.0,1150.974568553834,5.1085175473112825,5.0680063402468445,158.8573040164664
12.0,1199.4073252524952,5.14949192017306,5.108655781014728,165.44780724729455
12.0,1249.8781217007058,5.190476095168732,5.1493149461843135,172.31340591817025
12.0,1302.472718162878,5.2314696808937375,5.189983447454927,179.4655822951067
12.0,1357.2804836764876,5.272472301402392,5.230660911862183,186.91629790474167
12.0,1414.3945479084566,5.313483595610734,5.2713469811855616,194.6780135383043
12.0,1473.9119594016026,5.354503216721356,5.312041311377805,202.76371009052968
12.0,1535.933850480083,5.395530831669548,5.35274357201545,211.186910268376
12.0,1600.5656090940097,5.436566120589991,5.39345344576975,219.9617012058434
12.0,1667.9170578952617,5.4776087763033425,5.434170627897334,229.1027580227204
12.0,1738.1026408487496,5.518658503822018,5.474894825749908,238.62536836665052
12.0,1811.2416176962565,5.55971501987453,5.515625758302365,248.5454579795675
12.0,1825.0,5.567253396178763,5.523104354304277,250.411196905948
12.0,1887.458266603275,5.600778052447735,5.5563631556986595,258.8796173312533
12.0,1966.8820953331624,5.641847340346356,5.597106758814828,269.645129364558
12.0,2049.6480613074755,5.682922632769197,5.63785631883856,280.859998398684
12.0,2135.8968009263863,5.724003688901447,5.678611596864738,292.54298023887196
12.0,2225.77486853886,5.765090277522507,5.7193723635063725,304.7136135428392
12.0,2319.434985468627,5.806182176628782,5.760138398520384,317.39225249642817
12.0,2417.03629951913,5.847279173070913,5.800909490447717,330.6001008531136
12.0,2518.744655398385,5.888381062204911,5.841685436267236,344.35924739428805
12.0,2624.7328765232382,5.929487647556707,5.882466041062935,358.69270286963405
12.0,2735.1810586819056,5.970598740499613,5.923251117703963,373.6244384793574
12.0,2850.2768760537683,6.01171415994424,5.964040486536991,389.17942596264027
12.0,2970.2159001063915,6.052833732040389,6.0048339750904765,405.3836793593506
12.0,3095.2019319116835,6.093957289890505,6.045631417790383,422.26429851485693
12.0,3225.4473484458313,6.135084673274235,6.086432655686924,439.8495144006955
12.0,3361.1734634614786,6.176215728383701,6.127237536191941,458.16873632689254
12.0,3502.610903545296,6.217350307569075,6.168045912826486,477.2526011248834
12.0,3650.0,6.258488269094068,6.2088576449782575,497.1330243832939
16.0,0.0,0.0,0.0,1.0
16.0,1.0,0.13353139262452263,0.12699106114550077,1.1354068684993301
16.0,1.04207978005936,0.13877757979574964,0.13198029148862594,1.1410858299425621
16.0,1.085930268008564,0.1442153983329276,0.13715176714525057,1.1470022125628594
16.0,1.1316259748461663,0.14985075141373838,0.14251110215701096,1.1531658835149998
16.0,1.179244546977152,0.15568964362420476,0.14806400700693126,1.1595871156882214
16.0,1.22886689815015,0.16173817670785368,0.15381628457679153,1.1662766040956258
16.0,1.2805773469465365,0.16800254480307233,0.15977382561775677,1.173245482908632
16.0,1.3344637600550455,0.17448902915159026,0.1659426037180362,1.180505343161214
16.0,1.3906177015753483,0.18120399226263023,0.17232866975287256,1.1880682511496092
16.0,1.4491345886042917,0.1881538715191507,0.17893814580394876,1.195946767554198
16.0,1.5101138533691716,0.1953451722147602,0.1857772185373527,1.2041539673112882
16.0,1.5736591121835388,0.2027844600123307,0.19285213203156543,1.2127034602636415
16.0,1.63987834151263,0.21047835281806931,0.20016918004953876,1.221609412619715
16.0,1.7088840614475895,0.21843351206783565,0.20773469775180636,1.2308865692527928
16.0,1.78079352690025,0.22665663342580755,0.21555505285072643,1.2405502768724215
16.0,1.8557289268433443,0.23515443689919577,0.22363663620937488,1.2506165081018816
16.0,1.9338175919347047,0.24393365637657694,0.2319858518922879,1.261101886496786
16.0,2.0151922108782383,0.2530010286015404,0.24060910667917676,1.2720237125413265
16.0,2.0999910558893298,0.2623632815977036,0.24951279905688262,1.283399990660191
16.0,2.1883582176477763,0.27202712256572037,0.25870330770918615,1.2952494572857338
16.0,2.2804438501374875,0.2819992252776497,0.26818697952859666,1.3075916100216192
16.0,2.376404425788993,0.2922862169989427,0.2779701171788968,1.3204467379458749
16.0,2.4764030013582836,0.30289466497328327,0.2880589662419519,1.333835953098079
16.0,2.5806094949937797,0.31383106251055365,0.29845970198708294,1.3477812231972792
16.0,2.6892009749622137,0.3251018147232243,0.3091784158060849,1.3623054056392034
16.0,2.80236196052404,0.33671322396143527,0.32022110136169324,1.377432282823363
16.0,2.920284735469609,0.34867147500187956,0.33159364050191203,1.39318659886279
16.0,3.0431696748488766,0.36098262005026066,0.3433017889970471,1.4095940977313874
16.0,3.1712255854498315,0.3736525636214963,0.35535116216047313,1.4266815629061926
16.0,3.304670060604175,0.38668704736592124,0.36774722041804514,1.4444768585642966
16.0,3.443729849923151,0.4000916349134312,0.380495254894572,1.4630089723966966
16.0,3.58864124459177,0.4138716968107314,0.39360037308883444,1.4823080601039944
16.0,3.7396504788761398,0.428032395629561,0.40706748471120485,1.5024054916416263
16.0,3.8970141485261283,0.44257867132586715,0.42090128775992464,1.5233338992851648
16.0,4.060999646784322,0.45751522693137253,0.4351062549134954,1.5451272275892285
16.0,4.231885618742145,0.4728465146597427,0.44968662031736206,1.5678207853166395
16.0,4.409962434815182,0.48857672250958634,0.46464636684309457,1.5914512994177028
16.0,4.5955326841422455,0.5047097614457685,0.4799892138975572,1.616056971142843
16.0,4.788911688746551,0.5212492532389659,0.495718605858079,1.6416775343753123
16.0,4.990428039332705,0.5381985190410279,0.5118377012073902,1.668354316274326
16.0,5.200424153629888,0.5555605687705246,0.528349362439064,1.6961303003227237
16.0,5.419256858230018,0.5733380913788805,0.5452561468004116,1.7250501918771735
16.0,5.647297994909514,0.5915334460627218,0.562560297935247,1.7551604863229728
16.0,5.8849350524649715,0.6101486544825645,0.5802637384837007,1.7865095399397115
16.0,6.132571825136316,0.6291853940417533,0.598368063690356,1.8191476435884029
16.0,6.39062909873628,0.6486449922727383,0.6168745360654824,1.8531270993352102
16.0,6.65954536565205,0.6685284223703669,0.6357840811371073,1.8885023001315755
16.0,6.9397775699340185,0.6888362999039961,0.6550972843241669,1.925329812675391
16.0,7.0,0.6931471805599453,0.6591970192120518,1.933239356917823
16.0,7.23180188373772,0.709568880731968,0.6748143889531312,1.9636684635829018
16.0,7.5361145164382695,0.7307260601334374,0.6949352954323534,2.003579429006211
16.0,7.8532325577921425,0.7523073731638018,0.715459561590092,2.045126327836671
16.0,8.183694856579041,0.7743119962311774,0.7363864041737709,2.088375318640033
16.0,8.528062936216804,0.7967387498825744,0.7577147014996883,2.1333952004750296
16.0,8.886921948905186,0.8195861027797884,0.7794429972341709,2.1802575177530725
16.0,9.260881669919817,0.8428521768366255,0.8015695052791784,2.2290366693029906
16.0,9.6505775337458,0.8665347534810289,0.8240921157277129,2.2798100218111976
16.0,10.056671713811626,0.8906312809980652,0.8470084018471481,2.332658027814394
16.0,10.479854247658004,0.9151388829026448,0.8703156280418556,2.3876643484288635
16.0,10.920844209453602,0.9400543672843792,0.8940107587403543,2.4449159810076844
16.0,11.380390931849947,0.9653742370611591,0.9180904681466702,2.5045033919246262
16.0,11.859275279251726,0.9910947010729667,0.9425511507907772,2.566520654691378
16.0,12.358310974666047,1.0172116859431128,0.9673889328088745,2.631065593622787
16.0,12.878345982385166,1.043720848630567,0.9925996838809057,2.698239933273238
16.0,13.420263948852282,1.07061758959435,1.0181790297501645,2.768149453876064
16.0,13.984985704158541,1.097897066489053,1.04412236524801,2.8409041530269334
16.0,14.573470826722824,1.1255542083094778,1.0704248677457062,2.916618413861668
16.0,15.186719273812823,1.1535837299020806,1.0970815109550998,2.9954111799887455
16.0,15.825773080678108,1.1819801467613735,1.1240870790002977,3.0774061374469897
16.0,16.491718131182388,1.2107377900306098,1.1514361806836229,3.1627319039695894
16.0,17.1856860029435,1.2398508216279238,1.1791232638708797,3.251522225846662
16.0,17.908855890116588,1.2693132494215638,1.207142629923308,3.343916182690109
16.0,18.662456607087464,1.2991189423808551,1.235488448106457,3.4400584004164783
16.0,19.44776867648105,1.3292616456330582,1.264154769909561,3.5400992727760627
16.0,20.26612650503269,1.3597349953601767,1.2931355432127074,3.6441951917694047
16.0,21.11892065101963,1.3905325334740786,1.3224246262431736,3.752508787305934
16.0,22.007600187105616,1.4216477220128325,1.3520158012666341,3.8652091764735004
16.0,22.933675162613348,1.4530739572059415,1.3819027879634842,3.9824722228022167
16.0,23.898719169408917,1.4848045831610868,1.4120792564452103,4.104480805921264
16.0,24.904372015758064,1.5168329051299927,1.442538839870495,4.231425102023127
16.0,25.952342512697637,1.5491522023160713,1.4732751466255494,4.3635028755663
16.0,27.04441137765714,1.581755740191515,1.5042817720379151,4.500919782664594
16.0,28.1824342602638,1.6146367822964254,1.535552309597677,4.643889686629087
16.0,29.368344895473083,1.6477886014973975,1.5670803616646043,4.792634986147351
16.0,30.0,1.6650077635889111,1.58345613385614,4.871764217706877
16.0,30.604158389382015,1.681204490687596,1.5988595496441391,4.947386956603886
16.0,31.89197464330902,1.7148777729148463,1.630883523619418,5.108386105065909
16.0,33.23398192195816,1.7488018109284564,1.6631459714304915,5.275882539479475
16.0,34.632460571730896,1.7829700161394837,1.6956406271957212,5.450136352642762
16.0,36.0897868955038,1.817375856992875,1.7283612792738527,5.631418021546026
16.0,37.60843719045577,1.8520128667533289,1.76130177766853,5.820008822691256
16.0,39.19099195580641,1.886874650709893,1.7944560408800128,6.016201264029112
16.0,40.840140277614886,1.9219548928071555,1.827818062211574,6.220299534176268
16.0,42.55868439809032,1.9572473617134627,1.861381915540499,6.4326199696027695
16.0,44.349544477177695,1.9927459163388688,1.895141760565765,6.65349154050665
16.0,46.215763554510126,2.0284445108175166,1.929091847546389,6.883256356121755
16.0,48.16051272015931,2.064337198970883,1.963226521546063,7.122270190234606
16.0,50.18709650296962,2.100418138269758,1.9975402262010769,7.370903027717107
16.0,52.29895848563244,2.1366815933140666,2.0320275070296985,7.629539632914345
16.0,54.49968715604147,2.173121938850586,2.066683014302087,7.898580140760221
16.0,56.79302200487161,2.209733662349377,2.101501505490528,8.178440671528543
16.0,59.18285987974302,2.2465113661603024,2.1364778473203265,8.469553970163767
16.0,61.673261606766516,2.2834497692713303,2.1716070174419912,8.772370071173079
16.0,64.26845889072264,2.320543708690545,2.206884105745554,9.08735699010105
16.0,66.97286150559826,2.3577881404737786,2.2423043153378672,9.415001442648805
16.0,69.7910647876998,2.3951781404196764,2.277862963203626,9.755809592542246
16.0,72.72785744407477,2.432708904453775,2.313555480570634,10.110307829298046
16.0,75.7882296895099,2.4703757487227986,2.349377412999482,10.479043577082082
16.0,78.97738172593277,2.5081741094199628,2.3853244202174073,10.862586135902816
16.0,82.30073257862412,2.5460995423615103,2.4213922757155695,11.26152755643179
16.0,85.76392930425685,2.5841477223341385,2.4575768661284436,11.676483549795242
16.0,89.37285658640647,2.6223144422322893,2.4938741904133637,12.108094433734374
16.0,90.0,2.6288008294480694,2.5000428761384406,12.183016310199168
16.0,93.13364673483916,2.6605956120035943,2.530280358847619,12.557026116587986
16.0,97.05269010556735,2.698987257420015,2.566791591859786,13.023971120609227
16.0,101.13664595937888,2.7374855186914417,2.6034042187112294,13.509649646188464
16.0,105.39245377729083,2.776086648937759,2.640114676043008,14.014810678617716
16.0,109.82734505215552,2.8147870125345533,2.676919506302608,14.540233139096888
16.0,114.4488555764537,2.853583083346855,2.7138153560641975,15.086727081750372
16.0,119.26483824715625,2.892471442864512,2.7507989742553263,15.655134938493314
16.0,124.28347640941176,2.9314487782519896,2.7878672103022466,16.246332813660374
16.0,129.5132977617325,2.970511880324602,2.8250170122052713,16.861231830386124
16.0,134.96318884630867,3.009657641462442,2.862245424554876,17.500779530806067
16.0,140.6424101490711,3.0488830534725038,2.8995495864985323,18.165961332229816
16.0,146.56061183516235,3.088185205408773,2.936926729667576,18.857802041524117
16.0,152.72785014655128,3.127561281359357,2.974374176072716,19.57736743003249
16.0,159.15460448965692,3.1670085582090657,3.011889335976207,20.325765871452045
16.0,165.85179524201618,3.2065244033851776,3.0494697057480282,21.10415004518425
16.0,172.83080230825027,3.2461062725935186,3.087112865712845,21.913718707776777
16.0,180.0,3.2851984677992734,3.124290335775223,22.743748940070542
16.0,180.10348445686424,3.2857517075513916,3.1248164779939813,22.755718535179295
16.0,187.6821994707333,3.32545833372332,3.162578284360066,23.631446038643713
16.0,195.57982514551875,3.3652238580650384,3.200396104079522,24.54224955721343
16.0,203.80978117169033,3.4050460667806464,3.238267831787572,25.48953132986312
16.0,212.3860519373412,3.4449228230973827,3.2761914353700075,26.474749650473843
16.0,221.3232102905404,3.484852065062016,3.314164953867507,27.499421108955072
16.0,230.6364423015979,3.5248318033624013,3.352186495403898,28.565122921957222
16.0,240.34157306732249,3.564860119177415,3.3902542351413945,29.673495356757098
16.0,250.45509360111583,3.604935162058039,3.428366413265472,30.82624425204081
16.0,260.99418885459727,3.645055147842087,3.466521333001724,32.025143639458236
16.0,271.9767669183699,3.6852183566046746,3.504717358666723,33.272038469977446
16.0,283.42148945155054,3.725423130646311,3.542952913754649,34.5688474492292
16.0,295.3478033917681,3.7656678725201638,3.581226479061185,35.917565986199165
16.0,307.7759739995089,3.805951043099791,3.6195365908458847,37.32026925979813
16.0,320.7271192929636,3.846271159688446,3.657881839034087,38.77911540802451
16.0,334.2232459318834,3.886626794170791,3.696260865459157,40.296348844618954
16.0,348.28728661142253,3.927016571207697,3.7346723621457043,41.87430370830882
16.0,362.9431390295026,3.9674391664745956,3.773115069634219,43.51540744994272
16.0,365.0,3.972983705217833,3.778388038370087,43.74546885319232
16.0,378.21570649391754,4.007893304943711,3.8115877753474416,45.222184563028335
16.0,394.1309402381772,4.04837775921034,3.850089311998618,46.99726046340648
16.0,410.7158835179885,4.08889134786319,3.8886185560416617,48.84336552402328
16.0,427.99871756331135,4.129432933898706,3.9271744261631447,50.76333927100173
16.0,446.0088094640633,4.170001423179168,3.965755881815915,52.760134747460505
16.0,464.77676207084824,4.210595762934267,4.00436192179407,54.8368230517874
16.0,484.3344659954912,4.251214940305748,4.0429915828488765,56.99659805734006
16.0,504.7151537997487,4.291857980934678,4.08164393834524,59.24278132082938
16.0,525.9534564642684,4.332523947590781,4.12031809695817,61.57882718692705
16.0,548.085462233745,4.373211938843241,4.159013201408685,64.00832809694296
16.0,571.1487779382733,4.413921087772328,4.197728427238552,66.5350201097308
16.0,595.1825928950883,4.454650560721148,4.236462981623164,69.16278864330619
16.0,620.2277454992734,4.495399556086754,4.275216102221871,71.89567444600056
16.0,646.3267926165958,4.536167303149898,4.313987056065044,74.73787980632893
16.0,673.5240818963732,4.576953060942558,4.352775138477075,77.69377501111285
16.0,701.8658271272552,4.6177561171524895,4.391579672034581,80.76790506178574
16.0,730.0,4.656677743134023,4.428594927307187,83.8135699794394
16.0,731.4001867639511,4.658575787063892,4.430400005558955,83.96499665919926
16.0,762.1773457583524,4.699411412533392,4.469235513142507,87.28996546766813
16.0,794.2496008340909,4.74026236100046,4.508085593207354,90.74792366941547
16.0,827.6714493494242,4.781128024531377,4.546949667596204,94.34418782102738
16.0,862.4996818994599,4.822007818895898,4.585827180694251,98.08428702399178
16.0,898.7934788150566,4.862901182675745,4.624717598581333,101.97397142187954
16.0,936.6145107223815,4.9038075764040325,4.663620408213507,106.01922103722255
16.0,976.0270433339847,4.944726481734779,4.702535116633237,110.22625496167265
16.0,1017.0980466494655,4.985657400641646,4.74146125020738,114.60154091356401
16.0,1059.89730875128,5.026599854645041,4.780398353892145,119.15180517756646
16.0,1104.4975543890419,5.067553384066753,4.8193459905242335,123.88404294170559
16.0,1150.974568553834,5.1085175473112825,4.858303740137376,128.80552904763576
16.0,1199.4073252524952,5.14949192017306,4.897271199303475,133.92382917068716
16.0,1249.8781217007058,5.190476095168732,4.936247980497604,139.24681144686818
16.0,1302.472718162878,5.2314696808937375,4.97523371148609,144.78265856469108
16.0,1357.2804836764876,5.272472301402392,5.014228034736966,150.53988034040512
16.0,1414.3945479084566,5.313483595610734,5.053230606852066,156.52732679596286
16.0,1473.9119594016026,5.354503216721356,5.0922410980200254,162.75420175981472
16.0,1535.933850480083,5.395530831669548,5.131259191489554,169.23007701143908
16.0,1600.5656090940097,5.436566120589991,5.170284583062249,175.96490699134046
16.0,1667.9170578952617,5.4776087763033425,5.209316980604329,182.96904409912545
16.0,1738.1026408487496,5.518658503822018,5.248356103576622,190.25325460316373
16.0,1811.2416176962565,5.55971501987453,5.287401682582201,197.82873518628668
16.0,1825.0,5.567253396178763,5.294570831254831,199.25209484272514
16.0,1887.458266603275,5.600778052447735,5.326453458931052,205.70713015295226
16.0,1966.8820953331624,5.641847340346356,5.365511184221174,213.90054932431428
16.0,2049.6480613074755,5.682922632769197,5.404574619935543,222.42158664870414
16.0,2135.8968009263863,5.724003688901447,5.443643537054395,231.28333955612382
16.0,2225.77486853886,5.765090277522507,5.482717715682252,240.49942908649058
16.0,2319.434985468627,5.806182176628782,5.5217969446891955,250.08402082257186
16.0,2417.03629951913,5.847279173070913,5.560881021365862,260.051846659777
16.0,2518.744655398385,5.888381062204911,5.599969751091674,270.4182274462638
16.0,2624.7328765232382,5.929487647556707,5.639062947015805,281.1990965281493
16.0,2735.1810586819056,5.970598740499613,5.678160429750455,292.4110242360166
16.0,2850.2768760537683,6.01171415994424,5.717262027075941,304.07124335034166
16.0,2970.2159001063915,6.052833732040389,5.756367573657203,316.19767558497847
16.0,3095.2019319116835,6.093957289890505,5.79547691077128,328.8089591294037
16.0,3225.4473484458313,6.135084673274235,5.834589886045369,341.9244772920456
16.0,3361.1734634614786,6.176215728383701,5.873706353205062,355.56438828871904
16.0,3502.610903545296,6.217350307569075,5.912826171832378,369.74965622194276
16.0,3650.0,6.258488269094068,5.951949207133233,384.50208329875085
