experiment,scenario,arm,seed,metric,value
C01_staged_current,S0,age_temporal,0,bce,0.4801915464325848
C01_staged_current,S0,age_temporal,0,auroc,0.7333972337169605
C01_staged_current,S0,age_temporal,0,auprc,0.5301349355483662
C01_staged_current,S0,age_temporal,0,surface_rmse,0.14483854890055003
C01_staged_current,S0,age_temporal,0,cf_rmse_age,0.09960912334150719
C01_staged_current,S0,age_temporal,0,cf_rmse_lag,0.11602304441545283
C01_staged_current,S0,age_temporal,0,delta_bce_beta0,9.121863872862956e-06
C01_staged_current,S0,age_temporal,0,delta_bce_full_age_shuffle,0.0049097480592057985
C01_staged_current,S0,age_temporal,0,delta_bce_gate_age_shuffle,9.630196286025683e-06
C01_staged_current,S0,age_temporal,0,gate_signal_rmse,0.05327733356253199
C01_staged_current,S0,age_temporal,0,gate_signal_mae,0.0383078331890556
C01_staged_current,S0,age_temporal,0,gate_signal_correlation,0.9706434946993866
C01_staged_current,S0,age_temporal,0,beta_mean,0.00912382174283266
C01_staged_current,S0,age_temporal,0,abs_beta_mean,0.00912382174283266
C01_staged_current,S0,age_temporal,0,content_free_lambda_rmse,0.1542270760961389
C01_staged_current,S0,age_temporal,1,bce,0.48035592536572286
C01_staged_current,S0,age_temporal,1,auroc,0.7338708345258147
C01_staged_current,S0,age_temporal,1,auprc,0.5295883454823059
C01_staged_current,S0,age_temporal,1,surface_rmse,0.14305631268949046
C01_staged_current,S0,age_temporal,1,cf_rmse_age,0.1023680117526644
C01_staged_current,S0,age_temporal,1,cf_rmse_lag,0.11314481043699458
C01_staged_current,S0,age_temporal,1,delta_bce_beta0,-8.831031799438893e-06
C01_staged_current,S0,age_temporal,1,delta_bce_full_age_shuffle,0.0022763217322757656
C01_staged_current,S0,age_temporal,1,delta_bce_gate_age_shuffle,-4.91937107105489e-06
C01_staged_current,S0,age_temporal,1,gate_signal_rmse,0.06678274348972921
C01_staged_current,S0,age_temporal,1,gate_signal_mae,0.043973681545053614
C01_staged_current,S0,age_temporal,1,gate_signal_correlation,0.9526358283023049
C01_staged_current,S0,age_temporal,1,beta_mean,0.0121217155829072
C01_staged_current,S0,age_temporal,1,abs_beta_mean,0.0121217155829072
C01_staged_current,S0,age_temporal,1,content_free_lambda_rmse,0.12083098595968035
C01_staged_current,S0,age_temporal,2,bce,0.4818194929744046
C01_staged_current,S0,age_temporal,2,auroc,0.7317550378427113
C01_staged_current,S0,age_temporal,2,auprc,0.5256993282375847
C01_staged_current,S0,age_temporal,2,surface_rmse,0.16135598842440613
C01_staged_current,S0,age_temporal,2,cf_rmse_age,0.0954435056620666
C01_staged_current,S0,age_temporal,2,cf_rmse_lag,0.12609979335259075
C01_staged_current,S0,age_temporal,2,delta_bce_beta0,7.697210642754193e-07
C01_staged_current,S0,age_temporal,2,delta_bce_full_age_shuffle,0.005118465389641447
C01_staged_current,S0,age_temporal,2,delta_bce_gate_age_shuffle,9.375075904483055e-08
C01_staged_current,S0,age_temporal,2,gate_signal_rmse,0.12313079431186219
C01_staged_current,S0,age_temporal,2,gate_signal_mae,0.06305521821885772
C01_staged_current,S0,age_temporal,2,gate_signal_correlation,0.8578824676766867
C01_staged_current,S0,age_temporal,2,beta_mean,-0.0008218442089855671
C01_staged_current,S0,age_temporal,2,abs_beta_mean,0.0008218442089855671
C01_staged_current,S0,age_temporal,2,content_free_lambda_rmse,0.08968675968532468
C01_staged_current,S0,age_temporal,3,bce,0.48055414537070773
C01_staged_current,S0,age_temporal,3,auroc,0.7328798629780287
C01_staged_current,S0,age_temporal,3,auprc,0.5296359083712885
C01_staged_current,S0,age_temporal,3,surface_rmse,0.1466286302634824
C01_staged_current,S0,age_temporal,3,cf_rmse_age,0.11180133935652348
C01_staged_current,S0,age_temporal,3,cf_rmse_lag,0.11492921485641162
C01_staged_current,S0,age_temporal,3,delta_bce_beta0,7.969408905017517e-08
C01_staged_current,S0,age_temporal,3,delta_bce_full_age_shuffle,0.005173396761159854
C01_staged_current,S0,age_temporal,3,delta_bce_gate_age_shuffle,1.4252470964537522e-07
C01_staged_current,S0,age_temporal,3,gate_signal_rmse,0.0849057462952587
C01_staged_current,S0,age_temporal,3,gate_signal_mae,0.050663031537990615
C01_staged_current,S0,age_temporal,3,gate_signal_correlation,0.9248299832173005
C01_staged_current,S0,age_temporal,3,beta_mean,0.00032029388239607215
C01_staged_current,S0,age_temporal,3,abs_beta_mean,0.00032029388239607215
C01_staged_current,S0,age_temporal,3,content_free_lambda_rmse,0.07220013311471724
C01_staged_current,S0,age_temporal,4,bce,0.4805610168798842
C01_staged_current,S0,age_temporal,4,auroc,0.7333279916033675
C01_staged_current,S0,age_temporal,4,auprc,0.5286737932173937
C01_staged_current,S0,age_temporal,4,surface_rmse,0.14648709552716127
C01_staged_current,S0,age_temporal,4,cf_rmse_age,0.08312387299376373
C01_staged_current,S0,age_temporal,4,cf_rmse_lag,0.11229289689088812
C01_staged_current,S0,age_temporal,4,delta_bce_beta0,5.456034170570057e-07
C01_staged_current,S0,age_temporal,4,delta_bce_full_age_shuffle,0.005559802740889241
C01_staged_current,S0,age_temporal,4,delta_bce_gate_age_shuffle,-4.211492317662824e-07
C01_staged_current,S0,age_temporal,4,gate_signal_rmse,0.08203395974080313
C01_staged_current,S0,age_temporal,4,gate_signal_mae,0.04917439103577548
C01_staged_current,S0,age_temporal,4,gate_signal_correlation,0.9290864015710887
C01_staged_current,S0,age_temporal,4,beta_mean,-0.0008604148169979453
C01_staged_current,S0,age_temporal,4,abs_beta_mean,0.0008604148169979453
C01_staged_current,S0,age_temporal,4,content_free_lambda_rmse,0.0887530279786449
C01_staged_current,S0,temporal_only,0,bce,0.48019907042077414
C01_staged_current,S0,temporal_only,0,auroc,0.7333931724382764
C01_staged_current,S0,temporal_only,0,auprc,0.5301285207296794
C01_staged_current,S0,temporal_only,0,surface_rmse,0.14474651642241118
C01_staged_current,S0,temporal_only,0,cf_rmse_age,0.09974219029454409
C01_staged_current,S0,temporal_only,0,cf_rmse_lag,0.11592206652015039
C01_staged_current,S0,temporal_only,0,delta_bce_beta0,0.0
C01_staged_current,S0,temporal_only,0,delta_bce_full_age_shuffle,0.004913549463668954
C01_staged_current,S0,temporal_only,0,delta_bce_gate_age_shuffle,0.0
C01_staged_current,S0,temporal_only,0,gate_signal_rmse,0.053284738770513235
C01_staged_current,S0,temporal_only,0,gate_signal_mae,0.03827705269539797
C01_staged_current,S0,temporal_only,0,gate_signal_correlation,0.9706612606150881
C01_staged_current,S0,temporal_only,0,beta_mean,0.0
C01_staged_current,S0,temporal_only,0,abs_beta_mean,0.0
C01_staged_current,S0,temporal_only,0,content_free_lambda_rmse,0.1539407949474575
C01_staged_current,S0,temporal_only,1,bce,0.48034980313815584
C01_staged_current,S0,temporal_only,1,auroc,0.7338728847140313
C01_staged_current,S0,temporal_only,1,auprc,0.5296030484424542
C01_staged_current,S0,temporal_only,1,surface_rmse,0.1431504082845829
C01_staged_current,S0,temporal_only,1,cf_rmse_age,0.10252969191171886
C01_staged_current,S0,temporal_only,1,cf_rmse_lag,0.11315087212098036
C01_staged_current,S0,temporal_only,1,delta_bce_beta0,0.0
C01_staged_current,S0,temporal_only,1,delta_bce_full_age_shuffle,0.0022737146937459873
C01_staged_current,S0,temporal_only,1,delta_bce_gate_age_shuffle,0.0
C01_staged_current,S0,temporal_only,1,gate_signal_rmse,0.06684813100209948
C01_staged_current,S0,temporal_only,1,gate_signal_mae,0.044021833579373976
C01_staged_current,S0,temporal_only,1,gate_signal_correlation,0.952623447959944
C01_staged_current,S0,temporal_only,1,beta_mean,0.0
C01_staged_current,S0,temporal_only,1,abs_beta_mean,0.0
C01_staged_current,S0,temporal_only,1,content_free_lambda_rmse,0.12085056114466208
C01_staged_current,S0,temporal_only,2,bce,0.48182258757737934
C01_staged_current,S0,temporal_only,2,auroc,0.7317509570151528
C01_staged_current,S0,temporal_only,2,auprc,0.5257027992727517
C01_staged_current,S0,temporal_only,2,surface_rmse,0.16139651128825597
C01_staged_current,S0,temporal_only,2,cf_rmse_age,0.09536594415773843
C01_staged_current,S0,temporal_only,2,cf_rmse_lag,0.12622741288624323
C01_staged_current,S0,temporal_only,2,delta_bce_beta0,0.0
C01_staged_current,S0,temporal_only,2,delta_bce_full_age_shuffle,0.0051139833995307304
C01_staged_current,S0,temporal_only,2,delta_bce_gate_age_shuffle,0.0
C01_staged_current,S0,temporal_only,2,gate_signal_rmse,0.12302717068015276
C01_staged_current,S0,temporal_only,2,gate_signal_mae,0.0629644030895467
C01_staged_current,S0,temporal_only,2,gate_signal_correlation,0.8580527516088619
C01_staged_current,S0,temporal_only,2,beta_mean,0.0
C01_staged_current,S0,temporal_only,2,abs_beta_mean,0.0
C01_staged_current,S0,temporal_only,2,content_free_lambda_rmse,0.08523016977579612
C01_staged_current,S0,temporal_only,3,bce,0.4805544247787392
C01_staged_current,S0,temporal_only,3,auroc,0.7328787120380404
C01_staged_current,S0,temporal_only,3,auprc,0.5296294470878594
C01_staged_current,S0,temporal_only,3,surface_rmse,0.146630564955577
C01_staged_current,S0,temporal_only,3,cf_rmse_age,0.11174308250712528
C01_staged_current,S0,temporal_only,3,cf_rmse_lag,0.11492857480528701
C01_staged_current,S0,temporal_only,3,delta_bce_beta0,0.0
C01_staged_current,S0,temporal_only,3,delta_bce_full_age_shuffle,0.005170035667969364
C01_staged_current,S0,temporal_only,3,delta_bce_gate_age_shuffle,0.0
C01_staged_current,S0,temporal_only,3,gate_signal_rmse,0.08489695499791802
C01_staged_current,S0,temporal_only,3,gate_signal_mae,0.050650098851586764
C01_staged_current,S0,temporal_only,3,gate_signal_correlation,0.9248067189433639
C01_staged_current,S0,temporal_only,3,beta_mean,0.0
C01_staged_current,S0,temporal_only,3,abs_beta_mean,0.0
C01_staged_current,S0,temporal_only,3,content_free_lambda_rmse,0.07207673597605246
C01_staged_current,S0,temporal_only,4,bce,0.48055507408786513
C01_staged_current,S0,temporal_only,4,auroc,0.7333283874680767
C01_staged_current,S0,temporal_only,4,auprc,0.5286998042940962
C01_staged_current,S0,temporal_only,4,surface_rmse,0.1464925735596695
C01_staged_current,S0,temporal_only,4,cf_rmse_age,0.08304152677266599
C01_staged_current,S0,temporal_only,4,cf_rmse_lag,0.11230982640421548
C01_staged_current,S0,temporal_only,4,delta_bce_beta0,0.0
C01_staged_current,S0,temporal_only,4,delta_bce_full_age_shuffle,0.005559916590234304
C01_staged_current,S0,temporal_only,4,delta_bce_gate_age_shuffle,0.0
C01_staged_current,S0,temporal_only,4,gate_signal_rmse,0.08212687301870329
C01_staged_current,S0,temporal_only,4,gate_signal_mae,0.0492268400252095
C01_staged_current,S0,temporal_only,4,gate_signal_correlation,0.9289848434112079
C01_staged_current,S0,temporal_only,4,beta_mean,0.0
C01_staged_current,S0,temporal_only,4,abs_beta_mean,0.0
C01_staged_current,S0,temporal_only,4,content_free_lambda_rmse,0.08884268808634299
C01_staged_current,S1,age_temporal,0,bce,0.4794215032891727
C01_staged_current,S1,age_temporal,0,auroc,0.7431082964899834
C01_staged_current,S1,age_temporal,0,auprc,0.5407674397069341
C01_staged_current,S1,age_temporal,0,surface_rmse,0.16504107589851305
C01_staged_current,S1,age_temporal,0,cf_rmse_age,0.13241284857287097
C01_staged_current,S1,age_temporal,0,cf_rmse_lag,0.11508407061929411
C01_staged_current,S1,age_temporal,0,delta_bce_beta0,0.00021044743869053084
C01_staged_current,S1,age_temporal,0,delta_bce_full_age_shuffle,0.008316647798985777
C01_staged_current,S1,age_temporal,0,delta_bce_gate_age_shuffle,0.00030690961634910474
C01_staged_current,S1,age_temporal,0,gate_signal_rmse,0.05058449026112795
C01_staged_current,S1,age_temporal,0,gate_signal_mae,0.032479598328308566
C01_staged_current,S1,age_temporal,0,gate_signal_correlation,0.9795561064519481
C01_staged_current,S1,age_temporal,0,beta_mean,0.09755793958902359
C01_staged_current,S1,age_temporal,0,abs_beta_mean,0.09755793958902359
C01_staged_current,S1,age_temporal,0,content_free_lambda_rmse,0.10161734558187438
C01_staged_current,S1,age_temporal,1,bce,0.47812955544441127
C01_staged_current,S1,age_temporal,1,auroc,0.7441093657271795
C01_staged_current,S1,age_temporal,1,auprc,0.5428206714691601
C01_staged_current,S1,age_temporal,1,surface_rmse,0.16662410502240865
C01_staged_current,S1,age_temporal,1,cf_rmse_age,0.14357985216533795
C01_staged_current,S1,age_temporal,1,cf_rmse_lag,0.1103557597647438
C01_staged_current,S1,age_temporal,1,delta_bce_beta0,5.201546750277508e-05
C01_staged_current,S1,age_temporal,1,delta_bce_full_age_shuffle,0.006606950585779647
C01_staged_current,S1,age_temporal,1,delta_bce_gate_age_shuffle,6.751479274780259e-05
C01_staged_current,S1,age_temporal,1,gate_signal_rmse,0.04684194356911434
C01_staged_current,S1,age_temporal,1,gate_signal_mae,0.03402280238910061
C01_staged_current,S1,age_temporal,1,gate_signal_correlation,0.983519863383458
C01_staged_current,S1,age_temporal,1,beta_mean,0.025628553703427315
C01_staged_current,S1,age_temporal,1,abs_beta_mean,0.025628553703427315
C01_staged_current,S1,age_temporal,1,content_free_lambda_rmse,0.11356075152182657
C01_staged_current,S1,age_temporal,2,bce,0.47938475451857365
C01_staged_current,S1,age_temporal,2,auroc,0.7440919155861643
C01_staged_current,S1,age_temporal,2,auprc,0.540570162892248
C01_staged_current,S1,age_temporal,2,surface_rmse,0.16566300109026807
C01_staged_current,S1,age_temporal,2,cf_rmse_age,0.13751695170254075
C01_staged_current,S1,age_temporal,2,cf_rmse_lag,0.12200802772214028
C01_staged_current,S1,age_temporal,2,delta_bce_beta0,0.000130256212032831
C01_staged_current,S1,age_temporal,2,delta_bce_full_age_shuffle,0.011805670659783829
C01_staged_current,S1,age_temporal,2,delta_bce_gate_age_shuffle,0.0001701970860015778
C01_staged_current,S1,age_temporal,2,gate_signal_rmse,0.04873557597539454
C01_staged_current,S1,age_temporal,2,gate_signal_mae,0.03489980602036746
C01_staged_current,S1,age_temporal,2,gate_signal_correlation,0.9824431173888307
C01_staged_current,S1,age_temporal,2,beta_mean,0.04652245715260506
C01_staged_current,S1,age_temporal,2,abs_beta_mean,0.04652245715260506
C01_staged_current,S1,age_temporal,2,content_free_lambda_rmse,0.09156019156146716
C01_staged_current,S1,age_temporal,3,bce,0.47953635342557854
C01_staged_current,S1,age_temporal,3,auroc,0.7434174063219885
C01_staged_current,S1,age_temporal,3,auprc,0.5397541832497118
C01_staged_current,S1,age_temporal,3,surface_rmse,0.1344836361675056
C01_staged_current,S1,age_temporal,3,cf_rmse_age,0.1241922464476328
C01_staged_current,S1,age_temporal,3,cf_rmse_lag,0.09815498881609884
C01_staged_current,S1,age_temporal,3,delta_bce_beta0,0.00011627082272247513
C01_staged_current,S1,age_temporal,3,delta_bce_full_age_shuffle,0.011403497346278713
C01_staged_current,S1,age_temporal,3,delta_bce_gate_age_shuffle,0.00011605187406116269
C01_staged_current,S1,age_temporal,3,gate_signal_rmse,0.04818620047524005
C01_staged_current,S1,age_temporal,3,gate_signal_mae,0.03463724921516883
C01_staged_current,S1,age_temporal,3,gate_signal_correlation,0.9795977075925102
C01_staged_current,S1,age_temporal,3,beta_mean,0.05363224074244499
C01_staged_current,S1,age_temporal,3,abs_beta_mean,0.05363224074244499
C01_staged_current,S1,age_temporal,3,content_free_lambda_rmse,0.09097466707826025
C01_staged_current,S1,age_temporal,4,bce,0.4787746805509757
C01_staged_current,S1,age_temporal,4,auroc,0.7445889720987136
C01_staged_current,S1,age_temporal,4,auprc,0.5436789444481375
C01_staged_current,S1,age_temporal,4,surface_rmse,0.18661763703086598
C01_staged_current,S1,age_temporal,4,cf_rmse_age,0.16475006706317086
C01_staged_current,S1,age_temporal,4,cf_rmse_lag,0.12299470762071163
C01_staged_current,S1,age_temporal,4,delta_bce_beta0,0.0001520391070360394
C01_staged_current,S1,age_temporal,4,delta_bce_full_age_shuffle,0.007738032517103088
C01_staged_current,S1,age_temporal,4,delta_bce_gate_age_shuffle,0.00016162705628663954
C01_staged_current,S1,age_temporal,4,gate_signal_rmse,0.047788131141780175
C01_staged_current,S1,age_temporal,4,gate_signal_mae,0.033588761323325715
C01_staged_current,S1,age_temporal,4,gate_signal_correlation,0.9822288717787001
C01_staged_current,S1,age_temporal,4,beta_mean,0.05563615635037422
C01_staged_current,S1,age_temporal,4,abs_beta_mean,0.05563615635037422
C01_staged_current,S1,age_temporal,4,content_free_lambda_rmse,0.13394671200149852
C01_staged_current,S1,temporal_only,0,bce,0.4795665178545622
C01_staged_current,S1,temporal_only,0,auroc,0.7429179872764043
C01_staged_current,S1,temporal_only,0,auprc,0.5405457422433758
C01_staged_current,S1,temporal_only,0,surface_rmse,0.1643174235463144
C01_staged_current,S1,temporal_only,0,cf_rmse_age,0.13215678350247417
C01_staged_current,S1,temporal_only,0,cf_rmse_lag,0.11562594276903737
C01_staged_current,S1,temporal_only,0,delta_bce_beta0,0.0
C01_staged_current,S1,temporal_only,0,delta_bce_full_age_shuffle,0.008182817829740674
C01_staged_current,S1,temporal_only,0,delta_bce_gate_age_shuffle,0.0
C01_staged_current,S1,temporal_only,0,gate_signal_rmse,0.04986441419480814
C01_staged_current,S1,temporal_only,0,gate_signal_mae,0.031302775915366586
C01_staged_current,S1,temporal_only,0,gate_signal_correlation,0.9808367497248881
C01_staged_current,S1,temporal_only,0,beta_mean,0.0
C01_staged_current,S1,temporal_only,0,abs_beta_mean,0.0
C01_staged_current,S1,temporal_only,0,content_free_lambda_rmse,0.09673487949640769
C01_staged_current,S1,temporal_only,1,bce,0.4781801712875101
C01_staged_current,S1,temporal_only,1,auroc,0.7440323388777288
C01_staged_current,S1,temporal_only,1,auprc,0.5427281301622152
C01_staged_current,S1,temporal_only,1,surface_rmse,0.1662943989050199
C01_staged_current,S1,temporal_only,1,cf_rmse_age,0.14287891596218633
C01_staged_current,S1,temporal_only,1,cf_rmse_lag,0.11053296871595544
C01_staged_current,S1,temporal_only,1,delta_bce_beta0,0.0
C01_staged_current,S1,temporal_only,1,delta_bce_full_age_shuffle,0.0066160237612355455
C01_staged_current,S1,temporal_only,1,delta_bce_gate_age_shuffle,0.0
C01_staged_current,S1,temporal_only,1,gate_signal_rmse,0.04683743013620458
C01_staged_current,S1,temporal_only,1,gate_signal_mae,0.03408291089120783
C01_staged_current,S1,temporal_only,1,gate_signal_correlation,0.9835603715118806
C01_staged_current,S1,temporal_only,1,beta_mean,0.0
C01_staged_current,S1,temporal_only,1,abs_beta_mean,0.0
C01_staged_current,S1,temporal_only,1,content_free_lambda_rmse,0.11120849657328147
C01_staged_current,S1,temporal_only,2,bce,0.4794524037483722
C01_staged_current,S1,temporal_only,2,auroc,0.7439980420026938
C01_staged_current,S1,temporal_only,2,auprc,0.5404220855108876
C01_staged_current,S1,temporal_only,2,surface_rmse,0.1649442910101788
C01_staged_current,S1,temporal_only,2,cf_rmse_age,0.13683049619679927
C01_staged_current,S1,temporal_only,2,cf_rmse_lag,0.12220638376829832
C01_staged_current,S1,temporal_only,2,delta_bce_beta0,0.0
C01_staged_current,S1,temporal_only,2,delta_bce_full_age_shuffle,0.011557659865965075
C01_staged_current,S1,temporal_only,2,delta_bce_gate_age_shuffle,0.0
C01_staged_current,S1,temporal_only,2,gate_signal_rmse,0.04856172617528583
C01_staged_current,S1,temporal_only,2,gate_signal_mae,0.03489604095187575
C01_staged_current,S1,temporal_only,2,gate_signal_correlation,0.9827375579121388
C01_staged_current,S1,temporal_only,2,beta_mean,0.0
C01_staged_current,S1,temporal_only,2,abs_beta_mean,0.0
C01_staged_current,S1,temporal_only,2,content_free_lambda_rmse,0.08857601690561788
C01_staged_current,S1,temporal_only,3,bce,0.4796293095827068
C01_staged_current,S1,temporal_only,3,auroc,0.743239170114505
C01_staged_current,S1,temporal_only,3,auprc,0.5395468816828748
C01_staged_current,S1,temporal_only,3,surface_rmse,0.13375734106638665
C01_staged_current,S1,temporal_only,3,cf_rmse_age,0.12386326312280699
C01_staged_current,S1,temporal_only,3,cf_rmse_lag,0.09796671828962579
C01_staged_current,S1,temporal_only,3,delta_bce_beta0,0.0
C01_staged_current,S1,temporal_only,3,delta_bce_full_age_shuffle,0.011364651329961895
C01_staged_current,S1,temporal_only,3,delta_bce_gate_age_shuffle,0.0
C01_staged_current,S1,temporal_only,3,gate_signal_rmse,0.04815418573679516
C01_staged_current,S1,temporal_only,3,gate_signal_mae,0.034534226512549435
C01_staged_current,S1,temporal_only,3,gate_signal_correlation,0.9797388408183192
C01_staged_current,S1,temporal_only,3,beta_mean,0.0
C01_staged_current,S1,temporal_only,3,abs_beta_mean,0.0
C01_staged_current,S1,temporal_only,3,content_free_lambda_rmse,0.08832597542078513
C01_staged_current,S1,temporal_only,4,bce,0.47886419438124334
C01_staged_current,S1,temporal_only,4,auroc,0.7444660838845116
C01_staged_current,S1,temporal_only,4,auprc,0.5435021651308565
C01_staged_current,S1,temporal_only,4,surface_rmse,0.1854168708240912
C01_staged_current,S1,temporal_only,4,cf_rmse_age,0.16368007535238077
C01_staged_current,S1,temporal_only,4,cf_rmse_lag,0.12314572362406223
C01_staged_current,S1,temporal_only,4,delta_bce_beta0,0.0
C01_staged_current,S1,temporal_only,4,delta_bce_full_age_shuffle,0.007707566963851831
C01_staged_current,S1,temporal_only,4,delta_bce_gate_age_shuffle,0.0
C01_staged_current,S1,temporal_only,4,gate_signal_rmse,0.047535828683704186
C01_staged_current,S1,temporal_only,4,gate_signal_mae,0.033360462843615386
C01_staged_current,S1,temporal_only,4,gate_signal_correlation,0.982529905741412
C01_staged_current,S1,temporal_only,4,beta_mean,0.0
C01_staged_current,S1,temporal_only,4,abs_beta_mean,0.0
C01_staged_current,S1,temporal_only,4,content_free_lambda_rmse,0.13059544372828025
C01_staged_current,S2,age_temporal,0,bce,0.45525196571288706
C01_staged_current,S2,age_temporal,0,auroc,0.7621841676961609
C01_staged_current,S2,age_temporal,0,auprc,0.5826757689344453
C01_staged_current,S2,age_temporal,0,surface_rmse,0.190798172445814
C01_staged_current,S2,age_temporal,0,cf_rmse_age,0.16337850832727058
C01_staged_current,S2,age_temporal,0,cf_rmse_lag,0.16469441396897286
C01_staged_current,S2,age_temporal,0,delta_bce_beta0,0.011597614519995636
C01_staged_current,S2,age_temporal,0,delta_bce_full_age_shuffle,0.03253302071430808
C01_staged_current,S2,age_temporal,0,delta_bce_gate_age_shuffle,0.021071382260030525
C01_staged_current,S2,age_temporal,0,gate_signal_rmse,0.15129469644065802
C01_staged_current,S2,age_temporal,0,gate_signal_mae,0.1208460507982202
C01_staged_current,S2,age_temporal,0,gate_signal_correlation,0.8642395843916708
C01_staged_current,S2,age_temporal,0,beta_mean,-0.987707793712616
C01_staged_current,S2,age_temporal,0,abs_beta_mean,0.987707793712616
C01_staged_current,S2,age_temporal,0,content_free_lambda_rmse,0.7101603987880337
C01_staged_current,S2,age_temporal,0,content_free_lambda_corr,0.9936269021543039
C01_staged_current,S2,age_temporal,1,bce,0.45519487499460937
C01_staged_current,S2,age_temporal,1,auroc,0.7615067694098385
C01_staged_current,S2,age_temporal,1,auprc,0.5823706097506768
C01_staged_current,S2,age_temporal,1,surface_rmse,0.1707270035463436
C01_staged_current,S2,age_temporal,1,cf_rmse_age,0.13838790019569278
C01_staged_current,S2,age_temporal,1,cf_rmse_lag,0.1240943792661905
C01_staged_current,S2,age_temporal,1,delta_bce_beta0,0.012180283435149264
C01_staged_current,S2,age_temporal,1,delta_bce_full_age_shuffle,0.034758354219939
C01_staged_current,S2,age_temporal,1,delta_bce_gate_age_shuffle,0.02428270271952615
C01_staged_current,S2,age_temporal,1,gate_signal_rmse,0.14413913429183986
C01_staged_current,S2,age_temporal,1,gate_signal_mae,0.11454074069874037
C01_staged_current,S2,age_temporal,1,gate_signal_correlation,0.8790968648243332
C01_staged_current,S2,age_temporal,1,beta_mean,-1.0428143739700317
C01_staged_current,S2,age_temporal,1,abs_beta_mean,1.0428143739700317
C01_staged_current,S2,age_temporal,1,content_free_lambda_rmse,0.6581651378852726
C01_staged_current,S2,age_temporal,1,content_free_lambda_corr,0.9937828116285005
C01_staged_current,S2,age_temporal,2,bce,0.45536032489731126
C01_staged_current,S2,age_temporal,2,auroc,0.7620644750222465
C01_staged_current,S2,age_temporal,2,auprc,0.5826551647254103
C01_staged_current,S2,age_temporal,2,surface_rmse,0.16098435356387514
C01_staged_current,S2,age_temporal,2,cf_rmse_age,0.18725600319669505
C01_staged_current,S2,age_temporal,2,cf_rmse_lag,0.13096983711970808
C01_staged_current,S2,age_temporal,2,delta_bce_beta0,0.01394463256681333
C01_staged_current,S2,age_temporal,2,delta_bce_full_age_shuffle,0.034970584594745
C01_staged_current,S2,age_temporal,2,delta_bce_gate_age_shuffle,0.02578163599918959
C01_staged_current,S2,age_temporal,2,gate_signal_rmse,0.1469083000234968
C01_staged_current,S2,age_temporal,2,gate_signal_mae,0.11612038954061345
C01_staged_current,S2,age_temporal,2,gate_signal_correlation,0.8735485696939311
C01_staged_current,S2,age_temporal,2,beta_mean,-1.0311893224716187
C01_staged_current,S2,age_temporal,2,abs_beta_mean,1.0311893224716187
C01_staged_current,S2,age_temporal,2,content_free_lambda_rmse,0.6308117543884934
C01_staged_current,S2,age_temporal,2,content_free_lambda_corr,0.9930146870497248
C01_staged_current,S2,age_temporal,3,bce,0.4563731419461897
C01_staged_current,S2,age_temporal,3,auroc,0.7607766220425715
C01_staged_current,S2,age_temporal,3,auprc,0.58087363920673
C01_staged_current,S2,age_temporal,3,surface_rmse,0.17858767218405688
C01_staged_current,S2,age_temporal,3,cf_rmse_age,0.15177158468498747
C01_staged_current,S2,age_temporal,3,cf_rmse_lag,0.12831621847008665
C01_staged_current,S2,age_temporal,3,delta_bce_beta0,0.009873441567493646
C01_staged_current,S2,age_temporal,3,delta_bce_full_age_shuffle,0.03256375198913697
C01_staged_current,S2,age_temporal,3,delta_bce_gate_age_shuffle,0.018456855418113094
C01_staged_current,S2,age_temporal,3,gate_signal_rmse,0.1579124169372149
C01_staged_current,S2,age_temporal,3,gate_signal_mae,0.12548138542905282
C01_staged_current,S2,age_temporal,3,gate_signal_correlation,0.8500777031900426
C01_staged_current,S2,age_temporal,3,beta_mean,-0.9381150007247925
C01_staged_current,S2,age_temporal,3,abs_beta_mean,0.9381150007247925
C01_staged_current,S2,age_temporal,3,content_free_lambda_rmse,0.6307940267536223
C01_staged_current,S2,age_temporal,3,content_free_lambda_corr,0.9909038108670591
C01_staged_current,S2,age_temporal,4,bce,0.4564929053288546
C01_staged_current,S2,age_temporal,4,auroc,0.7598387255422088
C01_staged_current,S2,age_temporal,4,auprc,0.5797563653940819
C01_staged_current,S2,age_temporal,4,surface_rmse,0.1724228179622347
C01_staged_current,S2,age_temporal,4,cf_rmse_age,0.15487672495524687
C01_staged_current,S2,age_temporal,4,cf_rmse_lag,0.11462749446951048
C01_staged_current,S2,age_temporal,4,delta_bce_beta0,0.014575467465954783
C01_staged_current,S2,age_temporal,4,delta_bce_full_age_shuffle,0.03350933743681139
C01_staged_current,S2,age_temporal,4,delta_bce_gate_age_shuffle,0.025583790161045394
C01_staged_current,S2,age_temporal,4,gate_signal_rmse,0.14628258904676852
C01_staged_current,S2,age_temporal,4,gate_signal_mae,0.11589370523175335
C01_staged_current,S2,age_temporal,4,gate_signal_correlation,0.8747377252940098
C01_staged_current,S2,age_temporal,4,beta_mean,-1.0298103094100952
C01_staged_current,S2,age_temporal,4,abs_beta_mean,1.0298103094100952
C01_staged_current,S2,age_temporal,4,content_free_lambda_rmse,0.642067818028619
C01_staged_current,S2,age_temporal,4,content_free_lambda_corr,0.9932083155235474
C01_staged_current,S2,temporal_only,0,bce,0.4591180377111618
C01_staged_current,S2,temporal_only,0,auroc,0.760510982239058
C01_staged_current,S2,temporal_only,0,auprc,0.5754990907778805
C01_staged_current,S2,temporal_only,0,surface_rmse,0.2286461189688743
C01_staged_current,S2,temporal_only,0,cf_rmse_age,0.19214653666744333
C01_staged_current,S2,temporal_only,0,cf_rmse_lag,0.18358574103658196
C01_staged_current,S2,temporal_only,0,delta_bce_beta0,0.0
C01_staged_current,S2,temporal_only,0,delta_bce_full_age_shuffle,0.008824530239843253
C01_staged_current,S2,temporal_only,0,delta_bce_gate_age_shuffle,0.0
C01_staged_current,S2,temporal_only,0,gate_signal_rmse,0.2640854302357091
C01_staged_current,S2,temporal_only,0,gate_signal_mae,0.22197307351997256
C01_staged_current,S2,temporal_only,0,gate_signal_correlation,0.5031778276647036
C01_staged_current,S2,temporal_only,0,beta_mean,0.0
C01_staged_current,S2,temporal_only,0,abs_beta_mean,0.0
C01_staged_current,S2,temporal_only,0,content_free_lambda_rmse,0.9306491344153932
C01_staged_current,S2,temporal_only,1,bce,0.46110364705699675
C01_staged_current,S2,temporal_only,1,auroc,0.7583301836809067
C01_staged_current,S2,temporal_only,1,auprc,0.572959994713831
C01_staged_current,S2,temporal_only,1,surface_rmse,0.218402474748837
C01_staged_current,S2,temporal_only,1,cf_rmse_age,0.1698201705162879
C01_staged_current,S2,temporal_only,1,cf_rmse_lag,0.15511349324665863
C01_staged_current,S2,temporal_only,1,delta_bce_beta0,0.0
C01_staged_current,S2,temporal_only,1,delta_bce_full_age_shuffle,0.007356712646271135
C01_staged_current,S2,temporal_only,1,delta_bce_gate_age_shuffle,0.0
C01_staged_current,S2,temporal_only,1,gate_signal_rmse,0.26316841808569835
C01_staged_current,S2,temporal_only,1,gate_signal_mae,0.22217512475426143
C01_staged_current,S2,temporal_only,1,gate_signal_correlation,0.5074925282191258
C01_staged_current,S2,temporal_only,1,beta_mean,0.0
C01_staged_current,S2,temporal_only,1,abs_beta_mean,0.0
C01_staged_current,S2,temporal_only,1,content_free_lambda_rmse,0.884088378019053
C01_staged_current,S2,temporal_only,2,bce,0.45900790846686007
C01_staged_current,S2,temporal_only,2,auroc,0.7610918960746841
C01_staged_current,S2,temporal_only,2,auprc,0.5758664159297715
C01_staged_current,S2,temporal_only,2,surface_rmse,0.2132957354663858
C01_staged_current,S2,temporal_only,2,cf_rmse_age,0.21635225572241243
C01_staged_current,S2,temporal_only,2,cf_rmse_lag,0.15060115482716385
C01_staged_current,S2,temporal_only,2,delta_bce_beta0,0.0
C01_staged_current,S2,temporal_only,2,delta_bce_full_age_shuffle,0.00897380918945928
C01_staged_current,S2,temporal_only,2,delta_bce_gate_age_shuffle,0.0
C01_staged_current,S2,temporal_only,2,gate_signal_rmse,0.2635643214699372
C01_staged_current,S2,temporal_only,2,gate_signal_mae,0.22003561253547052
C01_staged_current,S2,temporal_only,2,gate_signal_correlation,0.5042565485750674
C01_staged_current,S2,temporal_only,2,beta_mean,0.0
C01_staged_current,S2,temporal_only,2,abs_beta_mean,0.0
C01_staged_current,S2,temporal_only,2,content_free_lambda_rmse,0.9096797013593192
C01_staged_current,S2,temporal_only,3,bce,0.4595259524047949
C01_staged_current,S2,temporal_only,3,auroc,0.7586877275582216
C01_staged_current,S2,temporal_only,3,auprc,0.5745831071729838
C01_staged_current,S2,temporal_only,3,surface_rmse,0.21583000757570725
C01_staged_current,S2,temporal_only,3,cf_rmse_age,0.1778397462828027
C01_staged_current,S2,temporal_only,3,cf_rmse_lag,0.15201741486846246
C01_staged_current,S2,temporal_only,3,delta_bce_beta0,0.0
C01_staged_current,S2,temporal_only,3,delta_bce_full_age_shuffle,0.009148159080908602
C01_staged_current,S2,temporal_only,3,delta_bce_gate_age_shuffle,0.0
C01_staged_current,S2,temporal_only,3,gate_signal_rmse,0.26490721196809686
C01_staged_current,S2,temporal_only,3,gate_signal_mae,0.221736827051707
C01_staged_current,S2,temporal_only,3,gate_signal_correlation,0.49978681627986243
C01_staged_current,S2,temporal_only,3,beta_mean,0.0
C01_staged_current,S2,temporal_only,3,abs_beta_mean,0.0
C01_staged_current,S2,temporal_only,3,content_free_lambda_rmse,0.901803265179785
C01_staged_current,S2,temporal_only,4,bce,0.46123625785971695
C01_staged_current,S2,temporal_only,4,auroc,0.7569784848056376
C01_staged_current,S2,temporal_only,4,auprc,0.5709055066412887
C01_staged_current,S2,temporal_only,4,surface_rmse,0.22004464236095736
C01_staged_current,S2,temporal_only,4,cf_rmse_age,0.18336112266003113
C01_staged_current,S2,temporal_only,4,cf_rmse_lag,0.13728817115126773
C01_staged_current,S2,temporal_only,4,delta_bce_beta0,0.0
C01_staged_current,S2,temporal_only,4,delta_bce_full_age_shuffle,0.006773834050479544
C01_staged_current,S2,temporal_only,4,delta_bce_gate_age_shuffle,0.0
C01_staged_current,S2,temporal_only,4,gate_signal_rmse,0.26412959856744483
C01_staged_current,S2,temporal_only,4,gate_signal_mae,0.22202439364178458
C01_staged_current,S2,temporal_only,4,gate_signal_correlation,0.5038309238303218
C01_staged_current,S2,temporal_only,4,beta_mean,0.0
C01_staged_current,S2,temporal_only,4,abs_beta_mean,0.0
C01_staged_current,S2,temporal_only,4,content_free_lambda_rmse,0.8964127034941566
C01_staged_current,S3,age_temporal,0,bce,0.4843266451540509
C01_staged_current,S3,age_temporal,0,auroc,0.737738529406085
C01_staged_current,S3,age_temporal,0,auprc,0.539240046081811
C01_staged_current,S3,age_temporal,0,surface_rmse,0.13070974926104725
C01_staged_current,S3,age_temporal,0,cf_rmse_age,0.11926930169410924
C01_staged_current,S3,age_temporal,0,cf_rmse_lag,0.08144506907732746
C01_staged_current,S3,age_temporal,0,delta_bce_beta0,0.010432583467663847
C01_staged_current,S3,age_temporal,0,delta_bce_full_age_shuffle,0.029719155467332392
C01_staged_current,S3,age_temporal,0,delta_bce_gate_age_shuffle,0.01823712077480144
C01_staged_current,S3,age_temporal,0,gate_signal_rmse,0.17855222447869776
C01_staged_current,S3,age_temporal,0,gate_signal_mae,0.1384718582610135
C01_staged_current,S3,age_temporal,0,gate_signal_correlation,0.7960524870255177
C01_staged_current,S3,age_temporal,0,beta_mean,0.9071639180183411
C01_staged_current,S3,age_temporal,0,abs_beta_mean,0.9071639180183411
C01_staged_current,S3,age_temporal,0,content_free_lambda_rmse,0.6952603900733939
C01_staged_current,S3,age_temporal,0,content_free_lambda_corr,0.9915480705288398
C01_staged_current,S3,age_temporal,1,bce,0.48475890503407715
C01_staged_current,S3,age_temporal,1,auroc,0.7363231050114887
C01_staged_current,S3,age_temporal,1,auprc,0.5378978363930296
C01_staged_current,S3,age_temporal,1,surface_rmse,0.16692405180624023
C01_staged_current,S3,age_temporal,1,cf_rmse_age,0.13910663978970547
C01_staged_current,S3,age_temporal,1,cf_rmse_lag,0.09658703538132607
C01_staged_current,S3,age_temporal,1,delta_bce_beta0,0.007605671426261507
C01_staged_current,S3,age_temporal,1,delta_bce_full_age_shuffle,0.024219057040939296
C01_staged_current,S3,age_temporal,1,delta_bce_gate_age_shuffle,0.014436041084067264
C01_staged_current,S3,age_temporal,1,gate_signal_rmse,0.21915019708608355
C01_staged_current,S3,age_temporal,1,gate_signal_mae,0.1613661442658984
C01_staged_current,S3,age_temporal,1,gate_signal_correlation,0.7071176302393856
C01_staged_current,S3,age_temporal,1,beta_mean,0.8158680200576782
C01_staged_current,S3,age_temporal,1,abs_beta_mean,0.8158680200576782
C01_staged_current,S3,age_temporal,1,content_free_lambda_rmse,0.6888145578324554
C01_staged_current,S3,age_temporal,1,content_free_lambda_corr,0.9891040780451389
C01_staged_current,S3,age_temporal,2,bce,0.48492195744303723
C01_staged_current,S3,age_temporal,2,auroc,0.7355404977759122
C01_staged_current,S3,age_temporal,2,auprc,0.5385387193152852
C01_staged_current,S3,age_temporal,2,surface_rmse,0.1407133473416454
C01_staged_current,S3,age_temporal,2,cf_rmse_age,0.12621766199463916
C01_staged_current,S3,age_temporal,2,cf_rmse_lag,0.0824530919576414
C01_staged_current,S3,age_temporal,2,delta_bce_beta0,0.009119626451430607
C01_staged_current,S3,age_temporal,2,delta_bce_full_age_shuffle,0.032347356163685115
C01_staged_current,S3,age_temporal,2,delta_bce_gate_age_shuffle,0.01656231616279158
C01_staged_current,S3,age_temporal,2,gate_signal_rmse,0.18117708769541824
C01_staged_current,S3,age_temporal,2,gate_signal_mae,0.1390373687270877
C01_staged_current,S3,age_temporal,2,gate_signal_correlation,0.7853164955449989
C01_staged_current,S3,age_temporal,2,beta_mean,0.9090102314949036
C01_staged_current,S3,age_temporal,2,abs_beta_mean,0.9090102314949036
C01_staged_current,S3,age_temporal,2,content_free_lambda_rmse,0.6875951559908762
C01_staged_current,S3,age_temporal,2,content_free_lambda_corr,0.9914323810872967
C01_staged_current,S3,age_temporal,3,bce,0.4833394493810527
C01_staged_current,S3,age_temporal,3,auroc,0.7390892617000693
C01_staged_current,S3,age_temporal,3,auprc,0.5414492900767309
C01_staged_current,S3,age_temporal,3,surface_rmse,0.20285102321220946
C01_staged_current,S3,age_temporal,3,cf_rmse_age,0.17661484997456386
C01_staged_current,S3,age_temporal,3,cf_rmse_lag,0.12348840142897081
C01_staged_current,S3,age_temporal,3,delta_bce_beta0,0.00925664436282092
C01_staged_current,S3,age_temporal,3,delta_bce_full_age_shuffle,0.025509013270305803
C01_staged_current,S3,age_temporal,3,delta_bce_gate_age_shuffle,0.017369125406317243
C01_staged_current,S3,age_temporal,3,gate_signal_rmse,0.18800299978994084
C01_staged_current,S3,age_temporal,3,gate_signal_mae,0.1461191189679853
C01_staged_current,S3,age_temporal,3,gate_signal_correlation,0.7773875360473341
C01_staged_current,S3,age_temporal,3,beta_mean,0.8522979021072388
C01_staged_current,S3,age_temporal,3,abs_beta_mean,0.8522979021072388
C01_staged_current,S3,age_temporal,3,content_free_lambda_rmse,0.7437783666503704
C01_staged_current,S3,age_temporal,3,content_free_lambda_corr,0.9912220002243703
C01_staged_current,S3,age_temporal,4,bce,0.4867648918631974
C01_staged_current,S3,age_temporal,4,auroc,0.733677314396849
C01_staged_current,S3,age_temporal,4,auprc,0.5348807219177347
C01_staged_current,S3,age_temporal,4,surface_rmse,0.15393758539389996
C01_staged_current,S3,age_temporal,4,cf_rmse_age,0.1396292288943518
C01_staged_current,S3,age_temporal,4,cf_rmse_lag,0.10430451046720454
C01_staged_current,S3,age_temporal,4,delta_bce_beta0,0.009651780730894344
C01_staged_current,S3,age_temporal,4,delta_bce_full_age_shuffle,0.03042864362412878
C01_staged_current,S3,age_temporal,4,delta_bce_gate_age_shuffle,0.01868359906646233
C01_staged_current,S3,age_temporal,4,gate_signal_rmse,0.19370305727190915
C01_staged_current,S3,age_temporal,4,gate_signal_mae,0.14410547220581654
C01_staged_current,S3,age_temporal,4,gate_signal_correlation,0.7718617504431994
C01_staged_current,S3,age_temporal,4,beta_mean,0.9458898901939392
C01_staged_current,S3,age_temporal,4,abs_beta_mean,0.9458898901939392
C01_staged_current,S3,age_temporal,4,content_free_lambda_rmse,0.6751648869812165
C01_staged_current,S3,age_temporal,4,content_free_lambda_corr,0.9920356194376857
C01_staged_current,S3,temporal_only,0,bce,0.48984027992125645
C01_staged_current,S3,temporal_only,0,auroc,0.7330453428386947
C01_staged_current,S3,temporal_only,0,auprc,0.5243903356405019
C01_staged_current,S3,temporal_only,0,surface_rmse,0.1483207233312287
C01_staged_current,S3,temporal_only,0,cf_rmse_age,0.12472720313715838
C01_staged_current,S3,temporal_only,0,cf_rmse_lag,0.08602717035545526
C01_staged_current,S3,temporal_only,0,delta_bce_beta0,0.0
C01_staged_current,S3,temporal_only,0,delta_bce_full_age_shuffle,0.009653197983986672
C01_staged_current,S3,temporal_only,0,delta_bce_gate_age_shuffle,0.0
C01_staged_current,S3,temporal_only,0,gate_signal_rmse,0.26882036726143144
C01_staged_current,S3,temporal_only,0,gate_signal_mae,0.22189575925467697
C01_staged_current,S3,temporal_only,0,gate_signal_correlation,0.4997644176549489
C01_staged_current,S3,temporal_only,0,beta_mean,0.0
C01_staged_current,S3,temporal_only,0,abs_beta_mean,0.0
C01_staged_current,S3,temporal_only,0,content_free_lambda_rmse,0.8692500132603638
C01_staged_current,S3,temporal_only,1,bce,0.48844090626242176
C01_staged_current,S3,temporal_only,1,auroc,0.7339268974901816
C01_staged_current,S3,temporal_only,1,auprc,0.5287045706449792
C01_staged_current,S3,temporal_only,1,surface_rmse,0.16208532600772343
C01_staged_current,S3,temporal_only,1,cf_rmse_age,0.13855279745988203
C01_staged_current,S3,temporal_only,1,cf_rmse_lag,0.08988570684152325
C01_staged_current,S3,temporal_only,1,delta_bce_beta0,0.0
C01_staged_current,S3,temporal_only,1,delta_bce_full_age_shuffle,0.007266913180866752
C01_staged_current,S3,temporal_only,1,delta_bce_gate_age_shuffle,0.0
C01_staged_current,S3,temporal_only,1,gate_signal_rmse,0.28580481188285994
C01_staged_current,S3,temporal_only,1,gate_signal_mae,0.23369660135184617
C01_staged_current,S3,temporal_only,1,gate_signal_correlation,0.47089237666470996
C01_staged_current,S3,temporal_only,1,beta_mean,0.0
C01_staged_current,S3,temporal_only,1,abs_beta_mean,0.0
C01_staged_current,S3,temporal_only,1,content_free_lambda_rmse,0.8941442930797238
C01_staged_current,S3,temporal_only,2,bce,0.4906288193255595
C01_staged_current,S3,temporal_only,2,auroc,0.7326146800138504
C01_staged_current,S3,temporal_only,2,auprc,0.5248159963638758
C01_staged_current,S3,temporal_only,2,surface_rmse,0.1548017464860969
C01_staged_current,S3,temporal_only,2,cf_rmse_age,0.13514641680362963
C01_staged_current,S3,temporal_only,2,cf_rmse_lag,0.08885076260120739
C01_staged_current,S3,temporal_only,2,delta_bce_beta0,0.0
C01_staged_current,S3,temporal_only,2,delta_bce_full_age_shuffle,0.01263287722454648
C01_staged_current,S3,temporal_only,2,delta_bce_gate_age_shuffle,0.0
C01_staged_current,S3,temporal_only,2,gate_signal_rmse,0.26677014494244966
C01_staged_current,S3,temporal_only,2,gate_signal_mae,0.22143446747133935
C01_staged_current,S3,temporal_only,2,gate_signal_correlation,0.5046432453254923
C01_staged_current,S3,temporal_only,2,beta_mean,0.0
C01_staged_current,S3,temporal_only,2,abs_beta_mean,0.0
C01_staged_current,S3,temporal_only,2,content_free_lambda_rmse,0.8909100050243713
C01_staged_current,S3,temporal_only,3,bce,0.4889078445508759
C01_staged_current,S3,temporal_only,3,auroc,0.7329363596669516
C01_staged_current,S3,temporal_only,3,auprc,0.5283025600338823
C01_staged_current,S3,temporal_only,3,surface_rmse,0.21200455440171706
C01_staged_current,S3,temporal_only,3,cf_rmse_age,0.17053117320705138
C01_staged_current,S3,temporal_only,3,cf_rmse_lag,0.12471739052170246
C01_staged_current,S3,temporal_only,3,delta_bce_beta0,0.0
C01_staged_current,S3,temporal_only,3,delta_bce_full_age_shuffle,0.00911141892370898
C01_staged_current,S3,temporal_only,3,delta_bce_gate_age_shuffle,0.0
C01_staged_current,S3,temporal_only,3,gate_signal_rmse,0.267625434840528
C01_staged_current,S3,temporal_only,3,gate_signal_mae,0.2224988763908721
C01_staged_current,S3,temporal_only,3,gate_signal_correlation,0.507462573372404
C01_staged_current,S3,temporal_only,3,beta_mean,0.0
C01_staged_current,S3,temporal_only,3,abs_beta_mean,0.0
C01_staged_current,S3,temporal_only,3,content_free_lambda_rmse,0.88296014957125
C01_staged_current,S3,temporal_only,4,bce,0.48981863288744876
C01_staged_current,S3,temporal_only,4,auroc,0.7315125955641038
C01_staged_current,S3,temporal_only,4,auprc,0.5255516219823642
C01_staged_current,S3,temporal_only,4,surface_rmse,0.16329090176609784
C01_staged_current,S3,temporal_only,4,cf_rmse_age,0.1498814728836425
C01_staged_current,S3,temporal_only,4,cf_rmse_lag,0.10911734848432478
C01_staged_current,S3,temporal_only,4,delta_bce_beta0,0.0
C01_staged_current,S3,temporal_only,4,delta_bce_full_age_shuffle,0.009100362732189449
C01_staged_current,S3,temporal_only,4,delta_bce_gate_age_shuffle,0.0
C01_staged_current,S3,temporal_only,4,gate_signal_rmse,0.27764768234914633
C01_staged_current,S3,temporal_only,4,gate_signal_mae,0.22761629834327862
C01_staged_current,S3,temporal_only,4,gate_signal_correlation,0.48369693628710336
C01_staged_current,S3,temporal_only,4,beta_mean,0.0
C01_staged_current,S3,temporal_only,4,abs_beta_mean,0.0
C01_staged_current,S3,temporal_only,4,content_free_lambda_rmse,0.9104782586299409
C01_staged_current,S0,matched,0,delta_bce_to_minus_at,7.523988189317432e-06
C01_staged_current,S0,matched,0,delta_auroc_at_minus_to,4.061278684130976e-06
C01_staged_current,S0,matched,0,delta_auprc_at_minus_to,6.414818686795165e-06
C01_staged_current,S0,matched,1,delta_bce_to_minus_at,-6.122227567018079e-06
C01_staged_current,S0,matched,1,delta_auroc_at_minus_to,-2.0501882166401586e-06
C01_staged_current,S0,matched,1,delta_auprc_at_minus_to,-1.4702960148271771e-05
C01_staged_current,S0,matched,2,delta_bce_to_minus_at,3.094602974762495e-06
C01_staged_current,S0,matched,2,delta_auroc_at_minus_to,4.080827558539113e-06
C01_staged_current,S0,matched,2,delta_auprc_at_minus_to,-3.47103516695757e-06
C01_staged_current,S0,matched,3,delta_bce_to_minus_at,2.794080314894032e-07
C01_staged_current,S0,matched,3,delta_auroc_at_minus_to,1.150939988203703e-06
C01_staged_current,S0,matched,3,delta_auprc_at_minus_to,6.461283429071152e-06
C01_staged_current,S0,matched,4,delta_bce_to_minus_at,-5.942792019042464e-06
C01_staged_current,S0,matched,4,delta_auroc_at_minus_to,-3.958647092350276e-07
C01_staged_current,S0,matched,4,delta_auprc_at_minus_to,-2.601107670252567e-05
C01_staged_current,S1,matched,0,delta_bce_to_minus_at,0.00014501456538951185
C01_staged_current,S1,matched,0,delta_auroc_at_minus_to,0.00019030921357909847
C01_staged_current,S1,matched,0,delta_auprc_at_minus_to,0.00022169746355826803
C01_staged_current,S1,matched,1,delta_bce_to_minus_at,5.061584309884459e-05
C01_staged_current,S1,matched,1,delta_auroc_at_minus_to,7.702684945065652e-05
C01_staged_current,S1,matched,1,delta_auprc_at_minus_to,9.254130694491547e-05
C01_staged_current,S1,matched,2,delta_bce_to_minus_at,6.764922979857202e-05
C01_staged_current,S1,matched,2,delta_auroc_at_minus_to,9.387358347046071e-05
C01_staged_current,S1,matched,2,delta_auprc_at_minus_to,0.00014807738136046744
C01_staged_current,S1,matched,3,delta_bce_to_minus_at,9.295615712823224e-05
C01_staged_current,S1,matched,3,delta_auroc_at_minus_to,0.00017823620748347313
C01_staged_current,S1,matched,3,delta_auprc_at_minus_to,0.00020730156683701484
C01_staged_current,S1,matched,4,delta_bce_to_minus_at,8.951383026761794e-05
C01_staged_current,S1,matched,4,delta_auroc_at_minus_to,0.00012288821420192164
C01_staged_current,S1,matched,4,delta_auprc_at_minus_to,0.00017677931728099505
C01_staged_current,S2,matched,0,delta_bce_to_minus_at,0.0038660719982747116
C01_staged_current,S2,matched,0,delta_auroc_at_minus_to,0.0016731854571029325
C01_staged_current,S2,matched,0,delta_auprc_at_minus_to,0.007176678156564753
C01_staged_current,S2,matched,1,delta_bce_to_minus_at,0.00590877206238738
C01_staged_current,S2,matched,1,delta_auroc_at_minus_to,0.003176585728931869
C01_staged_current,S2,matched,1,delta_auprc_at_minus_to,0.009410615036845815
C01_staged_current,S2,matched,2,delta_bce_to_minus_at,0.003647583569548807
C01_staged_current,S2,matched,2,delta_auroc_at_minus_to,0.0009725789475624191
C01_staged_current,S2,matched,2,delta_auprc_at_minus_to,0.006788748795638844
C01_staged_current,S2,matched,3,delta_bce_to_minus_at,0.0031528104586051597
C01_staged_current,S2,matched,3,delta_auroc_at_minus_to,0.0020888944843499013
C01_staged_current,S2,matched,3,delta_auprc_at_minus_to,0.006290532033746188
C01_staged_current,S2,matched,4,delta_bce_to_minus_at,0.0047433525308623326
C01_staged_current,S2,matched,4,delta_auroc_at_minus_to,0.002860240736571207
C01_staged_current,S2,matched,4,delta_auprc_at_minus_to,0.008850858752793234
C01_staged_current,S3,matched,0,delta_bce_to_minus_at,0.005513634767205566
C01_staged_current,S3,matched,0,delta_auroc_at_minus_to,0.004693186567390262
C01_staged_current,S3,matched,0,delta_auprc_at_minus_to,0.014849710441309116
C01_staged_current,S3,matched,1,delta_bce_to_minus_at,0.0036820012283446113
C01_staged_current,S3,matched,1,delta_auroc_at_minus_to,0.002396207521307092
C01_staged_current,S3,matched,1,delta_auprc_at_minus_to,0.00919326574805035
C01_staged_current,S3,matched,2,delta_bce_to_minus_at,0.005706861882522285
C01_staged_current,S3,matched,2,delta_auroc_at_minus_to,0.0029258177620617998
C01_staged_current,S3,matched,2,delta_auprc_at_minus_to,0.013722722951409416
C01_staged_current,S3,matched,3,delta_bce_to_minus_at,0.005568395169823159
C01_staged_current,S3,matched,3,delta_auroc_at_minus_to,0.006152902033117691
C01_staged_current,S3,matched,3,delta_auprc_at_minus_to,0.013146730042848609
C01_staged_current,S3,matched,4,delta_bce_to_minus_at,0.0030537410242513774
C01_staged_current,S3,matched,4,delta_auroc_at_minus_to,0.0021647188327452715
C01_staged_current,S3,matched,4,delta_auprc_at_minus_to,0.009329099935370566
D00_oracle_gate,S2,age_temporal,0,bce,0.7478146254071704
D00_oracle_gate,S2,age_temporal,0,auroc,0.4884203526484861
D00_oracle_gate,S2,age_temporal,0,auprc,0.24116692821434263
D00_oracle_gate,S2,age_temporal,0,surface_rmse,0.35043159168339977
D00_oracle_gate,S2,age_temporal,0,cf_rmse_age,0.3392333538246311
D00_oracle_gate,S2,age_temporal,0,cf_rmse_lag,0.31775538416915367
D00_oracle_gate,S2,age_temporal,0,delta_bce_beta0,-0.0016305908759416399
D00_oracle_gate,S2,age_temporal,0,delta_bce_full_age_shuffle,-0.005089618677526442
D00_oracle_gate,S2,age_temporal,0,delta_bce_gate_age_shuffle,-0.0013648647783425227
D00_oracle_gate,S2,age_temporal,0,gate_signal_rmse,1.6349078875302918e-08
D00_oracle_gate,S2,age_temporal,0,gate_signal_mae,1.1595615895629727e-08
D00_oracle_gate,S2,age_temporal,0,gate_signal_correlation,0.9999999999999983
D00_oracle_gate,S2,age_temporal,0,gate_surface_rmse,1.1810715990336942e-08
D00_oracle_gate,S2,age_temporal,0,gate_surface_mae,7.308283037790151e-09
D00_oracle_gate,S2,age_temporal,0,gate_surface_correlation,0.9999999999999988
D00_oracle_gate,S2,age_temporal,0,beta_mean,-2.5
D00_oracle_gate,S2,age_temporal,0,abs_beta_mean,2.5
D00_oracle_gate,S2,age_temporal,0,content_free_lambda_rmse,4.010280809601573e-08
D00_oracle_gate,S2,age_temporal,0,content_free_lambda_corr,0.999999999999999
D00_oracle_gate,S2,temporal_only,0,bce,0.7458449786261536
D00_oracle_gate,S2,temporal_only,0,auroc,0.4902846364129163
D00_oracle_gate,S2,temporal_only,0,auprc,0.24160562881878384
D00_oracle_gate,S2,temporal_only,0,surface_rmse,0.3467576489617698
D00_oracle_gate,S2,temporal_only,0,cf_rmse_age,0.33318532486725416
D00_oracle_gate,S2,temporal_only,0,cf_rmse_lag,0.31743778139436346
D00_oracle_gate,S2,temporal_only,0,delta_bce_beta0,0.0
D00_oracle_gate,S2,temporal_only,0,delta_bce_full_age_shuffle,-0.004590874143983181
D00_oracle_gate,S2,temporal_only,0,delta_bce_gate_age_shuffle,0.0
D00_oracle_gate,S2,temporal_only,0,gate_signal_rmse,0.28973443706593494
D00_oracle_gate,S2,temporal_only,0,gate_signal_mae,0.22343345563770664
D00_oracle_gate,S2,temporal_only,0,gate_signal_correlation,0.5488774693210413
D00_oracle_gate,S2,temporal_only,0,gate_surface_rmse,0.26796244278523806
D00_oracle_gate,S2,temporal_only,0,gate_surface_mae,0.18967419450494485
D00_oracle_gate,S2,temporal_only,0,gate_surface_correlation,0.7387364671991989
D00_oracle_gate,S2,temporal_only,0,beta_mean,0.0
D00_oracle_gate,S2,temporal_only,0,abs_beta_mean,0.0
D00_oracle_gate,S2,temporal_only,0,content_free_lambda_rmse,0.8285713350013695
D01_multihead_shared,S2,age_temporal,0,bce,0.7466259167630209
D01_multihead_shared,S2,age_temporal,0,auroc,0.4921243390590089
D01_multihead_shared,S2,age_temporal,0,auprc,0.24143357842901836
D01_multihead_shared,S2,age_temporal,0,surface_rmse,0.33868886160008393
D01_multihead_shared,S2,age_temporal,0,cf_rmse_age,0.33392113190637224
D01_multihead_shared,S2,age_temporal,0,cf_rmse_lag,0.31232001574104556
D01_multihead_shared,S2,age_temporal,0,delta_bce_beta0,1.4299686102781095e-05
D01_multihead_shared,S2,age_temporal,0,delta_bce_full_age_shuffle,-0.004656160751708716
D01_multihead_shared,S2,age_temporal,0,delta_bce_gate_age_shuffle,7.617395090919743e-06
D01_multihead_shared,S2,age_temporal,0,gate_signal_rmse,0.28705444882583503
D01_multihead_shared,S2,age_temporal,0,gate_signal_mae,0.22171101434919382
D01_multihead_shared,S2,age_temporal,0,gate_signal_correlation,0.5530684952112461
D01_multihead_shared,S2,age_temporal,0,gate_surface_rmse,0.26630333988497074
D01_multihead_shared,S2,age_temporal,0,gate_surface_mae,0.18882798522851835
D01_multihead_shared,S2,age_temporal,0,gate_surface_correlation,0.7409033523169238
D01_multihead_shared,S2,age_temporal,0,beta_mean,-0.011609859764575958
D01_multihead_shared,S2,age_temporal,0,abs_beta_mean,0.011609859764575958
D01_multihead_shared,S2,age_temporal,0,content_free_lambda_rmse,0.8272731868248294
D01_multihead_shared,S2,age_temporal,0,content_free_lambda_corr,0.9638511712926189
D01_multihead_shared,S2,age_temporal,0,effective_n_heads,3.9999975899044236
D01_multihead_shared,S2,age_temporal,0,head_ablation_delta_bce_0,0.001488051367340315
D01_multihead_shared,S2,age_temporal,0,head_ablation_delta_bce_1,0.0011956296099353558
D01_multihead_shared,S2,age_temporal,0,head_ablation_delta_bce_2,0.0007552691156625935
D01_multihead_shared,S2,age_temporal,0,head_ablation_delta_bce_3,0.0012925036935038658
D01_multihead_shared,S2,temporal_only,0,bce,0.7466393358004281
D01_multihead_shared,S2,temporal_only,0,auroc,0.49210881414216423
D01_multihead_shared,S2,temporal_only,0,auprc,0.24144380974315316
D01_multihead_shared,S2,temporal_only,0,surface_rmse,0.33869805184154395
D01_multihead_shared,S2,temporal_only,0,cf_rmse_age,0.33392687206484484
D01_multihead_shared,S2,temporal_only,0,cf_rmse_lag,0.3123318339900596
D01_multihead_shared,S2,temporal_only,0,delta_bce_beta0,0.0
D01_multihead_shared,S2,temporal_only,0,delta_bce_full_age_shuffle,-0.00466329940892074
D01_multihead_shared,S2,temporal_only,0,delta_bce_gate_age_shuffle,0.0
D01_multihead_shared,S2,temporal_only,0,gate_signal_rmse,0.28813299476263843
D01_multihead_shared,S2,temporal_only,0,gate_signal_mae,0.2226828388611176
D01_multihead_shared,S2,temporal_only,0,gate_signal_correlation,0.5487221937660403
D01_multihead_shared,S2,temporal_only,0,gate_surface_rmse,0.26737520755855465
D01_multihead_shared,S2,temporal_only,0,gate_surface_mae,0.1897763833970521
D01_multihead_shared,S2,temporal_only,0,gate_surface_correlation,0.7385625044486654
D01_multihead_shared,S2,temporal_only,0,beta_mean,0.0
D01_multihead_shared,S2,temporal_only,0,abs_beta_mean,0.0
D01_multihead_shared,S2,temporal_only,0,content_free_lambda_rmse,0.8304909892553128
D01_multihead_shared,S2,temporal_only,0,effective_n_heads,3.9999975897203712
D01_multihead_shared,S2,temporal_only,0,head_ablation_delta_bce_0,0.0014840805690438108
D01_multihead_shared,S2,temporal_only,0,head_ablation_delta_bce_1,0.0011896041626667797
D01_multihead_shared,S2,temporal_only,0,head_ablation_delta_bce_2,0.0007535323519513026
D01_multihead_shared,S2,temporal_only,0,head_ablation_delta_bce_3,0.001289464489178771
D02_multihead_dev,S2,age_temporal,0,bce,0.7466211914845737
D02_multihead_dev,S2,age_temporal,0,auroc,0.49212045782979774
D02_multihead_dev,S2,age_temporal,0,auprc,0.2414303225977897
D02_multihead_dev,S2,age_temporal,0,surface_rmse,0.3386898388302067
D02_multihead_dev,S2,age_temporal,0,cf_rmse_age,0.33392199954347124
D02_multihead_dev,S2,age_temporal,0,cf_rmse_lag,0.3123205067793919
D02_multihead_dev,S2,age_temporal,0,delta_bce_beta0,1.8983761826740775e-05
D02_multihead_dev,S2,age_temporal,0,delta_bce_full_age_shuffle,-0.0046525884084096525
D02_multihead_dev,S2,age_temporal,0,delta_bce_gate_age_shuffle,1.3547016732617934e-05
D02_multihead_dev,S2,age_temporal,0,gate_signal_rmse,0.28705217127335086
D02_multihead_dev,S2,age_temporal,0,gate_signal_mae,0.22171009981424455
D02_multihead_dev,S2,age_temporal,0,gate_signal_correlation,0.5530744335428913
D02_multihead_dev,S2,age_temporal,0,beta_mean,-0.011611035792157054
D02_multihead_dev,S2,age_temporal,0,abs_beta_mean,0.011611035792157054
D02_multihead_dev,S2,age_temporal,0,effective_n_heads,3.9999975894736886
D02_multihead_dev,S2,age_temporal,0,head_ablation_delta_bce_0,0.0014903243556074752
D02_multihead_dev,S2,age_temporal,0,head_ablation_delta_bce_1,0.001202863078802574
D02_multihead_dev,S2,age_temporal,0,head_ablation_delta_bce_2,0.0007541836541129499
D02_multihead_dev,S2,age_temporal,0,head_ablation_delta_bce_3,0.00129059903554829
D02_multihead_dev,S2,temporal_only,0,bce,0.7466393357445016
D02_multihead_dev,S2,temporal_only,0,auroc,0.49210881414216423
D02_multihead_dev,S2,temporal_only,0,auprc,0.24144380974315316
D02_multihead_dev,S2,temporal_only,0,surface_rmse,0.3386980519131147
D02_multihead_dev,S2,temporal_only,0,cf_rmse_age,0.3339268716141939
D02_multihead_dev,S2,temporal_only,0,cf_rmse_lag,0.3123318320272465
D02_multihead_dev,S2,temporal_only,0,delta_bce_beta0,0.0
D02_multihead_dev,S2,temporal_only,0,delta_bce_full_age_shuffle,-0.004663299521956432
D02_multihead_dev,S2,temporal_only,0,delta_bce_gate_age_shuffle,0.0
D02_multihead_dev,S2,temporal_only,0,gate_signal_rmse,0.28813299476263843
D02_multihead_dev,S2,temporal_only,0,gate_signal_mae,0.2226828388611176
D02_multihead_dev,S2,temporal_only,0,gate_signal_correlation,0.5487221937660403
D02_multihead_dev,S2,temporal_only,0,beta_mean,0.0
D02_multihead_dev,S2,temporal_only,0,abs_beta_mean,0.0
D02_multihead_dev,S2,temporal_only,0,effective_n_heads,3.9999975897204973
D02_multihead_dev,S2,temporal_only,0,head_ablation_delta_bce_0,0.001484080633590401
D02_multihead_dev,S2,temporal_only,0,head_ablation_delta_bce_1,0.001189604211936146
D02_multihead_dev,S2,temporal_only,0,head_ablation_delta_bce_2,0.0007535321206383339
D02_multihead_dev,S2,temporal_only,0,head_ablation_delta_bce_3,0.001289464374121252
D00_oracle_gate,S2,matched,0,delta_bce_to_minus_at,-0.001969646781016743
D00_oracle_gate,S2,matched,0,delta_auroc_at_minus_to,-0.001864283764430208
D00_oracle_gate,S2,matched,0,delta_auprc_at_minus_to,-0.0004387006044412056
D01_multihead_shared,S2,matched,0,delta_bce_to_minus_at,1.341903740714745e-05
D01_multihead_shared,S2,matched,0,delta_auroc_at_minus_to,1.5524916844644743e-05
D01_multihead_shared,S2,matched,0,delta_auprc_at_minus_to,-1.023131413480094e-05
D02_multihead_dev,S2,matched,0,delta_bce_to_minus_at,1.8144259927854733e-05
D02_multihead_dev,S2,matched,0,delta_auroc_at_minus_to,1.1643687633511313e-05
D02_multihead_dev,S2,matched,0,delta_auprc_at_minus_to,-1.348714536344997e-05
