experiment,scenario,arm,metric,n,mean,std,seed_ci95_lo,seed_ci95_hi
C01_staged_current,S0,age_temporal,abs_beta_mean,5,0.004649618046823889,0.005558860083087681,-0.00022293765026823106,0.009522173743916009
C01_staged_current,S0,age_temporal,auprc,5,0.5287464621713877,0.0017831185012294527,0.5271834898925585,0.5303094344502168
C01_staged_current,S0,age_temporal,auroc,5,0.7330461921333765,0.0008027174160812054,0.7323425792954169,0.7337498049713361
C01_staged_current,S0,age_temporal,bce,5,0.48069642540466084,0.0006462783641387212,0.48012993744165705,0.48126291336766464
C01_staged_current,S0,age_temporal,beta_mean,5,0.003976714436430484,0.00617711811963235,-0.001437768323622612,0.00939119719648358
C01_staged_current,S0,age_temporal,cf_rmse_age,5,0.09846917062130509,0.0104747313244732,0.08928766379657824,0.10765067744603193
C01_staged_current,S0,age_temporal,cf_rmse_lag,5,0.11649795199046757,0.005563449415876772,0.11162137356582104,0.1213745304151141
C01_staged_current,S0,age_temporal,content_free_lambda_rmse,5,0.10513959656690122,0.03258879561257655,0.07657425774743054,0.1337049353863719
C01_staged_current,S0,age_temporal,delta_bce_beta0,5,3.371701287613327e-07,6.354596946943641e-06,-5.232879682486281e-06,5.907219940008946e-06
C01_staged_current,S0,age_temporal,delta_bce_full_age_shuffle,5,0.004607546936634422,0.0013241932712217662,0.003446840358072945,0.005768253515195898
C01_staged_current,S0,age_temporal,delta_bce_gate_age_shuffle,5,9.051902903789432e-07,5.3162607654777275e-06,-3.7547177290485766e-06,5.5650983098064634e-06
C01_staged_current,S0,age_temporal,gate_signal_correlation,5,0.9270156350933535,0.04286095081439868,0.8894463552496555,0.9645849149370515
C01_staged_current,S0,age_temporal,gate_signal_mae,5,0.04903483110534661,0.009218534151419053,0.040954429651279885,0.05711523255941333
C01_staged_current,S0,age_temporal,gate_signal_rmse,5,0.08202611548003705,0.026252332317372597,0.05901493162524964,0.10503729933482445
C01_staged_current,S0,age_temporal,surface_rmse,5,0.14847331516101808,0.0073462004254087184,0.14203408657821778,0.15491254374381838
C01_staged_current,S0,matched,delta_auprc_at_minus_to,5,-6.261793980377739e-06,1.40681288427812e-05,-1.8593052604581952e-05,6.069464643826473e-06
C01_staged_current,S0,matched,delta_auroc_at_minus_to,5,1.369398660999721e-06,2.7136469048627167e-06,-1.0092177259126147e-06,3.7480150479120567e-06
C01_staged_current,S0,matched,delta_bce_to_minus_at,5,-2.334040780982427e-07,5.890481617364669e-06,-5.396638866221242e-06,4.929830710024756e-06
C01_staged_current,S0,temporal_only,abs_beta_mean,5,0.0,0.0,0.0,0.0
C01_staged_current,S0,temporal_only,auprc,5,0.5287527239653682,0.0017811059070680798,0.5271915158031026,0.5303139321276338
C01_staged_current,S0,temporal_only,auroc,5,0.7330448227347155,0.0008045378144274839,0.7323396142472521,0.7337500312221789
C01_staged_current,S0,temporal_only,bce,5,0.4806961920005827,0.0006472816842439497,0.4801288245887312,0.48126355941243426
C01_staged_current,S0,temporal_only,beta_mean,5,0.0,0.0,0.0,0.0
C01_staged_current,S0,temporal_only,cf_rmse_age,5,0.09848448712875853,0.010511258074304248,0.0892709631961489,0.10769801106136816
C01_staged_current,S0,temporal_only,cf_rmse_lag,5,0.1165077505473753,0.0056169355004992245,0.11158428950247086,0.12143121159227975
C01_staged_current,S0,temporal_only,content_free_lambda_rmse,5,0.10418818998606223,0.03308697912531344,0.07518617406428982,0.13319020590783465
C01_staged_current,S0,temporal_only,delta_bce_beta0,5,0.0,0.0,0.0,0.0
C01_staged_current,S0,temporal_only,delta_bce_full_age_shuffle,5,0.0046062399630298675,0.0013247906782323047,0.0034450097341355576,0.005767470191924177
C01_staged_current,S0,temporal_only,delta_bce_gate_age_shuffle,5,0.0,0.0,0.0,0.0
C01_staged_current,S0,temporal_only,gate_signal_correlation,5,0.9270258045076932,0.042794090071998345,0.8895151306886883,0.9645364783266982
C01_staged_current,S0,temporal_only,gate_signal_mae,5,0.04902804564822298,0.00918611238883438,0.040976063122071416,0.05708002817437455
C01_staged_current,S0,temporal_only,gate_signal_rmse,5,0.08203677369387735,0.02620007528197973,0.05907139515019884,0.10500215223755587
C01_staged_current,S0,temporal_only,surface_rmse,5,0.14848331490209932,0.007357817785070465,0.14203390325457732,0.1549327265496213
C01_staged_current,S1,age_temporal,abs_beta_mean,5,0.05579546950757504,0.026195612294553226,0.032834002944857735,0.07875693607029234
C01_staged_current,S1,age_temporal,auprc,5,0.5415182803532382,0.0016537396210155274,0.5400687136630454,0.542967847043431
C01_staged_current,S1,age_temporal,auroc,5,0.7438631912448059,0.0005933516740244368,0.7433430955711546,0.7443832869184572
C01_staged_current,S1,age_temporal,bce,5,0.4790493694457424,0.000593639605963546,0.4785290213886187,0.4795697175028661
C01_staged_current,S1,age_temporal,beta_mean,5,0.05579546950757504,0.026195612294553226,0.032834002944857735,0.07875693607029234
C01_staged_current,S1,age_temporal,cf_rmse_age,5,0.14049039319031068,0.015311712851194127,0.1270690851217176,0.15391170125890374
C01_staged_current,S1,age_temporal,cf_rmse_lag,5,0.11371951090859773,0.010126203359928471,0.1048435023144173,0.12259551950277817
C01_staged_current,S1,age_temporal,content_free_lambda_rmse,5,0.10633193354898537,0.01796600353977026,0.09058403711100554,0.1220798299869652
C01_staged_current,S1,age_temporal,delta_bce_beta0,5,0.00013220580959693028,5.7452867450322644e-05,8.184615088541736e-05,0.0001825654683084432
C01_staged_current,S1,age_temporal,delta_bce_full_age_shuffle,5,0.00917415978158621,0.002306683054439338,0.0071522629375751125,0.011196056625597308
C01_staged_current,S1,age_temporal,delta_bce_gate_age_shuffle,5,0.00016446008508925748,8.954684917673728e-05,8.596881105265607e-05,0.0002429513591258589
C01_staged_current,S1,age_temporal,gate_signal_correlation,5,0.9814691333190894,0.0017953584138364655,0.979895432283822,0.9830428343543567
C01_staged_current,S1,age_temporal,gate_signal_mae,5,0.03392564345525424,0.0009577775575797592,0.03308611441063399,0.03476517249987449
C01_staged_current,S1,age_temporal,gate_signal_rmse,5,0.048427268284531415,0.0013900112155832936,0.04720886973405912,0.04964566683500371
C01_staged_current,S1,age_temporal,surface_rmse,5,0.16368589104191228,0.01866155979135825,0.14732831266812796,0.1800434694156966
C01_staged_current,S1,matched,delta_auprc_at_minus_to,5,0.00016927940719633217,5.144863418382413e-05,0.00012418269098958852,0.00021437612340307583
C01_staged_current,S1,matched,delta_auroc_at_minus_to,5,0.0001324668136371221,5.0237827518075094e-05,8.843141626717051e-05,0.00017650221100707367
C01_staged_current,S1,matched,delta_bce_to_minus_at,5,8.914992513655572e-05,3.564629447087357e-05,5.790457040407923e-05,0.00012039527986903222
C01_staged_current,S1,temporal_only,abs_beta_mean,5,0.0,0.0,0.0,0.0
C01_staged_current,S1,temporal_only,auprc,5,0.541349000946042,0.0016800404762746923,0.5398763805397606,0.5428216213523234
C01_staged_current,S1,temporal_only,auroc,5,0.7437307244311688,0.0006335121966082827,0.7431754265073818,0.7442860223549559
C01_staged_current,S1,temporal_only,bce,5,0.4791385193708789,0.0006156838444629731,0.47859884868676283,0.479678190054995
C01_staged_current,S1,temporal_only,beta_mean,5,0.0,0.0,0.0,0.0
C01_staged_current,S1,temporal_only,cf_rmse_age,5,0.1398819068273295,0.015007668641847173,0.12672710525868033,0.1530367083959787
C01_staged_current,S1,temporal_only,cf_rmse_lag,5,0.11389554743339583,0.01027940369967925,0.10488525282066274,0.12290584204612892
C01_staged_current,S1,temporal_only,content_free_lambda_rmse,5,0.10308816242487448,0.0179685773509717,0.08733800994190605,0.11883831490784291
C01_staged_current,S1,temporal_only,delta_bce_beta0,5,0.0,0.0,0.0,0.0
C01_staged_current,S1,temporal_only,delta_bce_full_age_shuffle,5,0.009085743950151003,0.002242652020300518,0.007119972782181478,0.011051515118120529
C01_staged_current,S1,temporal_only,delta_bce_gate_age_shuffle,5,0.0,0.0,0.0,0.0
C01_staged_current,S1,temporal_only,gate_signal_correlation,5,0.9818806851417277,0.00155357353334603,0.980518917898514,0.9832424523849413
C01_staged_current,S1,temporal_only,gate_signal_mae,5,0.033635283422923,0.0014242626337143066,0.03238686218073815,0.034883704665107845
C01_staged_current,S1,temporal_only,gate_signal_rmse,5,0.04819071698535958,0.001140231191884813,0.04719126027895252,0.04919017369176664
C01_staged_current,S1,temporal_only,surface_rmse,5,0.1629460650703982,0.018533777209776437,0.14670049306780678,0.1791916370729896
C01_staged_current,S2,age_temporal,abs_beta_mean,5,1.005927360057831,0.043300353596241445,0.9679729266941693,1.0438817934214923
C01_staged_current,S2,age_temporal,auprc,5,0.5816663096022688,0.0013008741802418137,0.5805260431081684,0.5828065760963693
C01_staged_current,S2,age_temporal,auroc,5,0.7612741519426053,0.0009765801401290623,0.7604181417077138,0.7621301621774967
C01_staged_current,S2,age_temporal,bce,5,0.4557346425759704,0.0006416937682382248,0.4551721731884551,0.4562971119634857
C01_staged_current,S2,age_temporal,beta_mean,5,-1.005927360057831,0.043300353596241445,-1.0438817934214923,-0.9679729266941693
C01_staged_current,S2,age_temporal,cf_rmse_age,5,0.15913414427197853,0.018107961797223404,0.1432618159350547,0.17500647260890237
C01_staged_current,S2,age_temporal,cf_rmse_lag,5,0.13254046865889374,0.019015772679752754,0.11587240899910242,0.14920852831868506
C01_staged_current,S2,age_temporal,content_free_lambda_corr,5,0.992907305444627,0.0011619443727699913,0.9918888162960209,0.9939257945932332
C01_staged_current,S2,age_temporal,content_free_lambda_rmse,5,0.6543998271688082,0.033125248498158594,0.6253642666627337,0.6834353876748827
C01_staged_current,S2,age_temporal,delta_bce_beta0,5,0.012434287911081332,0.0018833657038608478,0.010783445084874091,0.014085130737288573
C01_staged_current,S2,age_temporal,delta_bce_full_age_shuffle,5,0.03366700979098809,0.001163863126213585,0.03264683878083425,0.034687180801141936
C01_staged_current,S2,age_temporal,delta_bce_gate_age_shuffle,5,0.02303527331158095,0.0031785336533253082,0.020249165723079346,0.025821380900082555
C01_staged_current,S2,age_temporal,gate_signal_correlation,5,0.8683400894787976,0.011555249033870995,0.8582114671228213,0.8784687118347739
C01_staged_current,S2,age_temporal,gate_signal_mae,5,0.11857645433967604,0.004537221702169919,0.11459940416690065,0.12255350451245142
C01_staged_current,S2,age_temporal,gate_signal_rmse,5,0.1493074273479956,0.0054683588959407725,0.14451419943905341,0.15410065525693778
C01_staged_current,S2,age_temporal,surface_rmse,5,0.17470400394046487,0.010992659902894645,0.16506851270027267,0.18433949518065706
C01_staged_current,S2,matched,delta_auprc_at_minus_to,5,0.007703486555117767,0.0013547567447693924,0.006515989910799735,0.0088909831994358
C01_staged_current,S2,matched,delta_auroc_at_minus_to,5,0.0021542970709036656,0.0008910154552144782,0.0013732875891735686,0.002935306552633763
C01_staged_current,S2,matched,delta_bce_to_minus_at,5,0.004263718123935678,0.0010849091777628355,0.003312753300946366,0.005214682946924991
C01_staged_current,S2,temporal_only,abs_beta_mean,5,0.0,0.0,0.0,0.0
C01_staged_current,S2,temporal_only,auprc,5,0.5739628230471511,0.0020445895108596158,0.5721706613232639,0.5757549847710383
C01_staged_current,S2,temporal_only,auroc,5,0.7591198548717015,0.0016748106029437042,0.7576518186515147,0.7605878910918884
C01_staged_current,S2,temporal_only,bce,5,0.4599983606999062,0.0010877937645971743,0.45904486742507544,0.4609518539747369
C01_staged_current,S2,temporal_only,beta_mean,5,0.0,0.0,0.0,0.0
C01_staged_current,S2,temporal_only,cf_rmse_age,5,0.1879039663697955,0.017862350049915154,0.17224692622158874,0.20356100651800227
C01_staged_current,S2,temporal_only,cf_rmse_lag,5,0.15572119502602694,0.017003759834871596,0.14081674238339636,0.1706256476686575
C01_staged_current,S2,temporal_only,content_free_lambda_rmse,5,0.9045266364935415,0.017319887735556757,0.8893450855285085,0.9197081874585744
C01_staged_current,S2,temporal_only,delta_bce_beta0,5,0.0,0.0,0.0,0.0
C01_staged_current,S2,temporal_only,delta_bce_full_age_shuffle,5,0.008215409041392363,0.0010760715599609542,0.0072721907319554056,0.009158627350829321
C01_staged_current,S2,temporal_only,delta_bce_gate_age_shuffle,5,0.0,0.0,0.0,0.0
C01_staged_current,S2,temporal_only,gate_signal_correlation,5,0.5037089289138162,0.0027520642164750742,0.501296638268555,0.5061212195590775
C01_staged_current,S2,temporal_only,gate_signal_mae,5,0.2215890063006392,0.0008825372189862302,0.2208154283206231,0.22236258428065533
C01_staged_current,S2,temporal_only,gate_signal_rmse,5,0.2639709960653772,0.0006565565073831259,0.26339549891259845,0.264546493218156
C01_staged_current,S2,temporal_only,surface_rmse,5,0.21924379582415235,0.005847782252057443,0.21411798867993118,0.22436960296837352
C01_staged_current,S3,age_temporal,abs_beta_mean,5,0.8860459923744202,0.051523044754966614,0.8408840524263114,0.931207932322529
C01_staged_current,S3,age_temporal,auprc,5,0.5384013227569182,0.002380155887757031,0.5363150241349863,0.5404876213788501
C01_staged_current,S3,age_temporal,auroc,5,0.7364737416580809,0.0020708859280394168,0.7346585301082533,0.7382889532079084
C01_staged_current,S3,age_temporal,bce,5,0.48482236977508314,0.0012482120547707533,0.48372826366920074,0.48591647588096554
C01_staged_current,S3,age_temporal,beta_mean,5,0.8860459923744202,0.051523044754966614,0.8408840524263114,0.931207932322529
C01_staged_current,S3,age_temporal,cf_rmse_age,5,0.1401675364694739,0.022142477013304074,0.12075879962301994,0.15957627331592789
C01_staged_current,S3,age_temporal,cf_rmse_lag,5,0.09765562166249406,0.017367937658112828,0.08243195308334669,0.11287929024164142
C01_staged_current,S3,age_temporal,content_free_lambda_corr,5,0.9910684298646663,0.0011380062890424464,0.9900709233715868,0.9920659363577458
C01_staged_current,S3,age_temporal,content_free_lambda_rmse,5,0.6981226715056625,0.026538484260985613,0.6748606644133327,0.7213846785979924
C01_staged_current,S3,age_temporal,delta_bce_beta0,5,0.009213261287814245,0.0010336876482987067,0.008307194114967907,0.010119328460660583
C01_staged_current,S3,age_temporal,delta_bce_full_age_shuffle,5,0.028444645113278277,0.0034374885145692937,0.025431553581021206,0.03145773664553535
C01_staged_current,S3,age_temporal,delta_bce_gate_age_shuffle,5,0.01705764049888797,0.0016770560159108585,0.015587636087456525,0.018527644910319416
C01_staged_current,S3,age_temporal,gate_signal_correlation,5,0.7675471798600871,0.03498385239319342,0.7368824812102155,0.7982118785099588
C01_staged_current,S3,age_temporal,gate_signal_mae,5,0.14581999248556027,0.009283196556822486,0.1376829119341378,0.15395707303698272
C01_staged_current,S3,age_temporal,gate_signal_rmse,5,0.1921171132644099,0.016232060376029707,0.17788908502146206,0.20634514150735772
C01_staged_current,S3,age_temporal,surface_rmse,5,0.15902715140300847,0.028044906586385986,0.13444470692349053,0.1836095958825264
C01_staged_current,S3,matched,delta_auprc_at_minus_to,5,0.012048305823797612,0.0026174133610795784,0.009754041857166277,0.014342569790428947
C01_staged_current,S3,matched,delta_auroc_at_minus_to,5,0.0036665665433244232,0.0017068889967681849,0.0021704123712109518,0.005162720715437895
C01_staged_current,S3,matched,delta_bce_to_minus_at,5,0.0047049268144294,0.0012426032454766933,0.003615737046657884,0.005794116582200915
C01_staged_current,S3,temporal_only,abs_beta_mean,5,0.0,0.0,0.0,0.0
C01_staged_current,S3,temporal_only,auprc,5,0.5263530169331206,0.002011672632118536,0.5245897081255946,0.5281163257406467
C01_staged_current,S3,temporal_only,auroc,5,0.7328071751147565,0.0008718057822876112,0.7320430036537464,0.7335713465757665
C01_staged_current,S3,temporal_only,bce,5,0.48952729658951244,0.0008602546880779908,0.48877325010899436,0.4902813430700305
C01_staged_current,S3,temporal_only,beta_mean,5,0.0,0.0,0.0,0.0
C01_staged_current,S3,temporal_only,cf_rmse_age,5,0.14376781269827277,0.017447950955288734,0.12847400937186243,0.1590616160246831
C01_staged_current,S3,temporal_only,cf_rmse_lag,5,0.09971967576084262,0.016699752379432033,0.08508169740193566,0.11435765411974957
C01_staged_current,S3,temporal_only,content_free_lambda_rmse,5,0.8895485439131299,0.01513658425431715,0.8762807428279259,0.9028163449983339
C01_staged_current,S3,temporal_only,delta_bce_beta0,5,0.0,0.0,0.0,0.0
C01_staged_current,S3,temporal_only,delta_bce_full_age_shuffle,5,0.009552954009059667,0.0019443347597226791,0.00784866944910746,0.011257238569011873
C01_staged_current,S3,temporal_only,delta_bce_gate_age_shuffle,5,0.0,0.0,0.0,0.0
C01_staged_current,S3,temporal_only,gate_signal_correlation,5,0.49329190986093174,0.015535093205538555,0.47967480027873505,0.5069090194431284
C01_staged_current,S3,temporal_only,gate_signal_mae,5,0.22542840056240263,0.00524793314102415,0.22082838434647867,0.23002841677832658
C01_staged_current,S3,temporal_only,gate_signal_rmse,5,0.27333368825528304,0.008218482126223774,0.2661298710504905,0.28053750546007555
C01_staged_current,S3,temporal_only,surface_rmse,5,0.16810065039857278,0.025273389939889184,0.1459475473710118,0.19025375342613376
D00_oracle_gate,S2,age_temporal,abs_beta_mean,1,2.5,0.0,,
D00_oracle_gate,S2,age_temporal,auprc,1,0.24116692821434263,0.0,,
D00_oracle_gate,S2,age_temporal,auroc,1,0.4884203526484861,0.0,,
D00_oracle_gate,S2,age_temporal,bce,1,0.7478146254071704,0.0,,
D00_oracle_gate,S2,age_temporal,beta_mean,1,-2.5,0.0,,
D00_oracle_gate,S2,age_temporal,cf_rmse_age,1,0.3392333538246311,0.0,,
D00_oracle_gate,S2,age_temporal,cf_rmse_lag,1,0.31775538416915367,0.0,,
D00_oracle_gate,S2,age_temporal,content_free_lambda_corr,1,0.999999999999999,0.0,,
D00_oracle_gate,S2,age_temporal,content_free_lambda_rmse,1,4.010280809601573e-08,0.0,,
D00_oracle_gate,S2,age_temporal,delta_bce_beta0,1,-0.0016305908759416399,0.0,,
D00_oracle_gate,S2,age_temporal,delta_bce_full_age_shuffle,1,-0.005089618677526442,0.0,,
D00_oracle_gate,S2,age_temporal,delta_bce_gate_age_shuffle,1,-0.0013648647783425227,0.0,,
D00_oracle_gate,S2,age_temporal,gate_signal_correlation,1,0.9999999999999983,0.0,,
D00_oracle_gate,S2,age_temporal,gate_signal_mae,1,1.1595615895629727e-08,0.0,,
D00_oracle_gate,S2,age_temporal,gate_signal_rmse,1,1.6349078875302918e-08,0.0,,
D00_oracle_gate,S2,age_temporal,gate_surface_correlation,1,0.9999999999999988,0.0,,
D00_oracle_gate,S2,age_temporal,gate_surface_mae,1,7.308283037790151e-09,0.0,,
D00_oracle_gate,S2,age_temporal,gate_surface_rmse,1,1.1810715990336942e-08,0.0,,
D00_oracle_gate,S2,age_temporal,surface_rmse,1,0.35043159168339977,0.0,,
D00_oracle_gate,S2,matched,delta_auprc_at_minus_to,1,-0.0004387006044412056,0.0,,
D00_oracle_gate,S2,matched,delta_auroc_at_minus_to,1,-0.001864283764430208,0.0,,
D00_oracle_gate,S2,matched,delta_bce_to_minus_at,1,-0.001969646781016743,0.0,,
D00_oracle_gate,S2,temporal_only,abs_beta_mean,1,0.0,0.0,,
D00_oracle_gate,S2,temporal_only,auprc,1,0.24160562881878384,0.0,,
D00_oracle_gate,S2,temporal_only,auroc,1,0.4902846364129163,0.0,,
D00_oracle_gate,S2,temporal_only,bce,1,0.7458449786261536,0.0,,
D00_oracle_gate,S2,temporal_only,beta_mean,1,0.0,0.0,,
D00_oracle_gate,S2,temporal_only,cf_rmse_age,1,0.33318532486725416,0.0,,
D00_oracle_gate,S2,temporal_only,cf_rmse_lag,1,0.31743778139436346,0.0,,
D00_oracle_gate,S2,temporal_only,content_free_lambda_rmse,1,0.8285713350013695,0.0,,
D00_oracle_gate,S2,temporal_only,delta_bce_beta0,1,0.0,0.0,,
D00_oracle_gate,S2,temporal_only,delta_bce_full_age_shuffle,1,-0.004590874143983181,0.0,,
D00_oracle_gate,S2,temporal_only,delta_bce_gate_age_shuffle,1,0.0,0.0,,
D00_oracle_gate,S2,temporal_only,gate_signal_correlation,1,0.5488774693210413,0.0,,
D00_oracle_gate,S2,temporal_only,gate_signal_mae,1,0.22343345563770664,0.0,,
D00_oracle_gate,S2,temporal_only,gate_signal_rmse,1,0.28973443706593494,0.0,,
D00_oracle_gate,S2,temporal_only,gate_surface_correlation,1,0.7387364671991989,0.0,,
D00_oracle_gate,S2,temporal_only,gate_surface_mae,1,0.18967419450494485,0.0,,
D00_oracle_gate,S2,temporal_only,gate_surface_rmse,1,0.26796244278523806,0.0,,
D00_oracle_gate,S2,temporal_only,surface_rmse,1,0.3467576489617698,0.0,,
D01_multihead_shared,S2,age_temporal,abs_beta_mean,1,0.011609859764575958,0.0,,
D01_multihead_shared,S2,age_temporal,auprc,1,0.24143357842901836,0.0,,
D01_multihead_shared,S2,age_temporal,auroc,1,0.4921243390590089,0.0,,
D01_multihead_shared,S2,age_temporal,bce,1,0.7466259167630209,0.0,,
D01_multihead_shared,S2,age_temporal,beta_mean,1,-0.011609859764575958,0.0,,
D01_multihead_shared,S2,age_temporal,cf_rmse_age,1,0.33392113190637224,0.0,,
D01_multihead_shared,S2,age_temporal,cf_rmse_lag,1,0.31232001574104556,0.0,,
D01_multihead_shared,S2,age_temporal,content_free_lambda_corr,1,0.9638511712926189,0.0,,
D01_multihead_shared,S2,age_temporal,content_free_lambda_rmse,1,0.8272731868248294,0.0,,
D01_multihead_shared,S2,age_temporal,delta_bce_beta0,1,1.4299686102781095e-05,0.0,,
D01_multihead_shared,S2,age_temporal,delta_bce_full_age_shuffle,1,-0.004656160751708716,0.0,,
D01_multihead_shared,S2,age_temporal,delta_bce_gate_age_shuffle,1,7.617395090919743e-06,0.0,,
D01_multihead_shared,S2,age_temporal,effective_n_heads,1,3.9999975899044236,0.0,,
D01_multihead_shared,S2,age_temporal,gate_signal_correlation,1,0.5530684952112461,0.0,,
D01_multihead_shared,S2,age_temporal,gate_signal_mae,1,0.22171101434919382,0.0,,
D01_multihead_shared,S2,age_temporal,gate_signal_rmse,1,0.28705444882583503,0.0,,
D01_multihead_shared,S2,age_temporal,gate_surface_correlation,1,0.7409033523169238,0.0,,
D01_multihead_shared,S2,age_temporal,gate_surface_mae,1,0.18882798522851835,0.0,,
D01_multihead_shared,S2,age_temporal,gate_surface_rmse,1,0.26630333988497074,0.0,,
D01_multihead_shared,S2,age_temporal,head_ablation_delta_bce_0,1,0.001488051367340315,0.0,,
D01_multihead_shared,S2,age_temporal,head_ablation_delta_bce_1,1,0.0011956296099353558,0.0,,
D01_multihead_shared,S2,age_temporal,head_ablation_delta_bce_2,1,0.0007552691156625935,0.0,,
D01_multihead_shared,S2,age_temporal,head_ablation_delta_bce_3,1,0.0012925036935038658,0.0,,
D01_multihead_shared,S2,age_temporal,surface_rmse,1,0.33868886160008393,0.0,,
D01_multihead_shared,S2,matched,delta_auprc_at_minus_to,1,-1.023131413480094e-05,0.0,,
D01_multihead_shared,S2,matched,delta_auroc_at_minus_to,1,1.5524916844644743e-05,0.0,,
D01_multihead_shared,S2,matched,delta_bce_to_minus_at,1,1.341903740714745e-05,0.0,,
D01_multihead_shared,S2,temporal_only,abs_beta_mean,1,0.0,0.0,,
D01_multihead_shared,S2,temporal_only,auprc,1,0.24144380974315316,0.0,,
D01_multihead_shared,S2,temporal_only,auroc,1,0.49210881414216423,0.0,,
D01_multihead_shared,S2,temporal_only,bce,1,0.7466393358004281,0.0,,
D01_multihead_shared,S2,temporal_only,beta_mean,1,0.0,0.0,,
D01_multihead_shared,S2,temporal_only,cf_rmse_age,1,0.33392687206484484,0.0,,
D01_multihead_shared,S2,temporal_only,cf_rmse_lag,1,0.3123318339900596,0.0,,
D01_multihead_shared,S2,temporal_only,content_free_lambda_rmse,1,0.8304909892553128,0.0,,
D01_multihead_shared,S2,temporal_only,delta_bce_beta0,1,0.0,0.0,,
D01_multihead_shared,S2,temporal_only,delta_bce_full_age_shuffle,1,-0.00466329940892074,0.0,,
D01_multihead_shared,S2,temporal_only,delta_bce_gate_age_shuffle,1,0.0,0.0,,
D01_multihead_shared,S2,temporal_only,effective_n_heads,1,3.9999975897203712,0.0,,
D01_multihead_shared,S2,temporal_only,gate_signal_correlation,1,0.5487221937660403,0.0,,
D01_multihead_shared,S2,temporal_only,gate_signal_mae,1,0.2226828388611176,0.0,,
D01_multihead_shared,S2,temporal_only,gate_signal_rmse,1,0.28813299476263843,0.0,,
D01_multihead_shared,S2,temporal_only,gate_surface_correlation,1,0.7385625044486654,0.0,,
D01_multihead_shared,S2,temporal_only,gate_surface_mae,1,0.1897763833970521,0.0,,
D01_multihead_shared,S2,temporal_only,gate_surface_rmse,1,0.26737520755855465,0.0,,
D01_multihead_shared,S2,temporal_only,head_ablation_delta_bce_0,1,0.0014840805690438108,0.0,,
D01_multihead_shared,S2,temporal_only,head_ablation_delta_bce_1,1,0.0011896041626667797,0.0,,
D01_multihead_shared,S2,temporal_only,head_ablation_delta_bce_2,1,0.0007535323519513026,0.0,,
D01_multihead_shared,S2,temporal_only,head_ablation_delta_bce_3,1,0.001289464489178771,0.0,,
D01_multihead_shared,S2,temporal_only,surface_rmse,1,0.33869805184154395,0.0,,
D02_multihead_dev,S2,age_temporal,abs_beta_mean,1,0.011611035792157054,0.0,,
D02_multihead_dev,S2,age_temporal,auprc,1,0.2414303225977897,0.0,,
D02_multihead_dev,S2,age_temporal,auroc,1,0.49212045782979774,0.0,,
D02_multihead_dev,S2,age_temporal,bce,1,0.7466211914845737,0.0,,
D02_multihead_dev,S2,age_temporal,beta_mean,1,-0.011611035792157054,0.0,,
D02_multihead_dev,S2,age_temporal,cf_rmse_age,1,0.33392199954347124,0.0,,
D02_multihead_dev,S2,age_temporal,cf_rmse_lag,1,0.3123205067793919,0.0,,
D02_multihead_dev,S2,age_temporal,delta_bce_beta0,1,1.8983761826740775e-05,0.0,,
D02_multihead_dev,S2,age_temporal,delta_bce_full_age_shuffle,1,-0.0046525884084096525,0.0,,
D02_multihead_dev,S2,age_temporal,delta_bce_gate_age_shuffle,1,1.3547016732617934e-05,0.0,,
D02_multihead_dev,S2,age_temporal,effective_n_heads,1,3.9999975894736886,0.0,,
D02_multihead_dev,S2,age_temporal,gate_signal_correlation,1,0.5530744335428913,0.0,,
D02_multihead_dev,S2,age_temporal,gate_signal_mae,1,0.22171009981424455,0.0,,
D02_multihead_dev,S2,age_temporal,gate_signal_rmse,1,0.28705217127335086,0.0,,
D02_multihead_dev,S2,age_temporal,head_ablation_delta_bce_0,1,0.0014903243556074752,0.0,,
D02_multihead_dev,S2,age_temporal,head_ablation_delta_bce_1,1,0.001202863078802574,0.0,,
D02_multihead_dev,S2,age_temporal,head_ablation_delta_bce_2,1,0.0007541836541129499,0.0,,
D02_multihead_dev,S2,age_temporal,head_ablation_delta_bce_3,1,0.00129059903554829,0.0,,
D02_multihead_dev,S2,age_temporal,surface_rmse,1,0.3386898388302067,0.0,,
D02_multihead_dev,S2,matched,delta_auprc_at_minus_to,1,-1.348714536344997e-05,0.0,,
D02_multihead_dev,S2,matched,delta_auroc_at_minus_to,1,1.1643687633511313e-05,0.0,,
D02_multihead_dev,S2,matched,delta_bce_to_minus_at,1,1.8144259927854733e-05,0.0,,
D02_multihead_dev,S2,temporal_only,abs_beta_mean,1,0.0,0.0,,
D02_multihead_dev,S2,temporal_only,auprc,1,0.24144380974315316,0.0,,
D02_multihead_dev,S2,temporal_only,auroc,1,0.49210881414216423,0.0,,
D02_multihead_dev,S2,temporal_only,bce,1,0.7466393357445016,0.0,,
D02_multihead_dev,S2,temporal_only,beta_mean,1,0.0,0.0,,
D02_multihead_dev,S2,temporal_only,cf_rmse_age,1,0.3339268716141939,0.0,,
D02_multihead_dev,S2,temporal_only,cf_rmse_lag,1,0.3123318320272465,0.0,,
D02_multihead_dev,S2,temporal_only,delta_bce_beta0,1,0.0,0.0,,
D02_multihead_dev,S2,temporal_only,delta_bce_full_age_shuffle,1,-0.004663299521956432,0.0,,
D02_multihead_dev,S2,temporal_only,delta_bce_gate_age_shuffle,1,0.0,0.0,,
D02_multihead_dev,S2,temporal_only,effective_n_heads,1,3.9999975897204973,0.0,,
D02_multihead_dev,S2,temporal_only,gate_signal_correlation,1,0.5487221937660403,0.0,,
D02_multihead_dev,S2,temporal_only,gate_signal_mae,1,0.2226828388611176,0.0,,
D02_multihead_dev,S2,temporal_only,gate_signal_rmse,1,0.28813299476263843,0.0,,
D02_multihead_dev,S2,temporal_only,head_ablation_delta_bce_0,1,0.001484080633590401,0.0,,
D02_multihead_dev,S2,temporal_only,head_ablation_delta_bce_1,1,0.001189604211936146,0.0,,
D02_multihead_dev,S2,temporal_only,head_ablation_delta_bce_2,1,0.0007535321206383339,0.0,,
D02_multihead_dev,S2,temporal_only,head_ablation_delta_bce_3,1,0.001289464374121252,0.0,,
D02_multihead_dev,S2,temporal_only,surface_rmse,1,0.3386980519131147,0.0,,
