experiment,scenario,arm,seed,metric,candidate,c01,delta
D00_oracle_gate,S2,age_temporal,0,abs_beta_mean,2.5,0.987707793712616,1.512292206287384
D00_oracle_gate,S2,age_temporal,0,auprc,0.24116692821434263,0.5826757689344453,-0.3415088407201027
D00_oracle_gate,S2,age_temporal,0,auroc,0.4884203526484861,0.7621841676961609,-0.27376381504767483
D00_oracle_gate,S2,age_temporal,0,bce,0.7478146254071704,0.45525196571288706,0.2925626596942833
D00_oracle_gate,S2,age_temporal,0,beta_mean,-2.5,-0.987707793712616,-1.512292206287384
D00_oracle_gate,S2,age_temporal,0,cf_rmse_age,0.3392333538246311,0.16337850832727058,0.17585484549736052
D00_oracle_gate,S2,age_temporal,0,cf_rmse_lag,0.31775538416915367,0.16469441396897286,0.1530609702001808
D00_oracle_gate,S2,age_temporal,0,content_free_lambda_corr,0.999999999999999,0.9936269021543039,0.006373097845695064
D00_oracle_gate,S2,age_temporal,0,content_free_lambda_rmse,4.010280809601573e-08,0.7101603987880337,-0.7101603586852256
D00_oracle_gate,S2,age_temporal,0,delta_bce_beta0,-0.0016305908759416399,0.011597614519995636,-0.013228205395937276
D00_oracle_gate,S2,age_temporal,0,delta_bce_full_age_shuffle,-0.005089618677526442,0.03253302071430808,-0.03762263939183452
D00_oracle_gate,S2,age_temporal,0,delta_bce_gate_age_shuffle,-0.0013648647783425227,0.021071382260030525,-0.022436247038373047
D00_oracle_gate,S2,age_temporal,0,gate_signal_correlation,0.9999999999999983,0.8642395843916708,0.13576041560832752
D00_oracle_gate,S2,age_temporal,0,gate_signal_mae,1.1595615895629727e-08,0.1208460507982202,-0.1208460392026043
D00_oracle_gate,S2,age_temporal,0,gate_signal_rmse,1.6349078875302918e-08,0.15129469644065802,-0.15129468009157915
D00_oracle_gate,S2,age_temporal,0,surface_rmse,0.35043159168339977,0.190798172445814,0.15963341923758576
D00_oracle_gate,S2,matched,0,delta_auprc_at_minus_to,-0.0004387006044412056,0.007176678156564753,-0.007615378761005959
D00_oracle_gate,S2,matched,0,delta_auroc_at_minus_to,-0.001864283764430208,0.0016731854571029325,-0.0035374692215331405
D00_oracle_gate,S2,matched,0,delta_bce_to_minus_at,-0.001969646781016743,0.0038660719982747116,-0.0058357187792914544
D00_oracle_gate,S2,temporal_only,0,abs_beta_mean,0.0,0.0,0.0
D00_oracle_gate,S2,temporal_only,0,auprc,0.24160562881878384,0.5754990907778805,-0.3338934619590967
D00_oracle_gate,S2,temporal_only,0,auroc,0.4902846364129163,0.760510982239058,-0.2702263458261417
D00_oracle_gate,S2,temporal_only,0,bce,0.7458449786261536,0.4591180377111618,0.28672694091499185
D00_oracle_gate,S2,temporal_only,0,beta_mean,0.0,0.0,0.0
D00_oracle_gate,S2,temporal_only,0,cf_rmse_age,0.33318532486725416,0.19214653666744333,0.14103878819981083
D00_oracle_gate,S2,temporal_only,0,cf_rmse_lag,0.31743778139436346,0.18358574103658196,0.1338520403577815
D00_oracle_gate,S2,temporal_only,0,content_free_lambda_rmse,0.8285713350013695,0.9306491344153932,-0.10207779941402373
D00_oracle_gate,S2,temporal_only,0,delta_bce_beta0,0.0,0.0,0.0
D00_oracle_gate,S2,temporal_only,0,delta_bce_full_age_shuffle,-0.004590874143983181,0.008824530239843253,-0.013415404383826435
D00_oracle_gate,S2,temporal_only,0,delta_bce_gate_age_shuffle,0.0,0.0,0.0
D00_oracle_gate,S2,temporal_only,0,gate_signal_correlation,0.5488774693210413,0.5031778276647036,0.045699641656337664
D00_oracle_gate,S2,temporal_only,0,gate_signal_mae,0.22343345563770664,0.22197307351997256,0.0014603821177340826
D00_oracle_gate,S2,temporal_only,0,gate_signal_rmse,0.28973443706593494,0.2640854302357091,0.025649006830225862
D00_oracle_gate,S2,temporal_only,0,surface_rmse,0.3467576489617698,0.2286461189688743,0.11811152999289551
D01_multihead_shared,S2,age_temporal,0,abs_beta_mean,0.011609859764575958,0.987707793712616,-0.97609793394804
D01_multihead_shared,S2,age_temporal,0,auprc,0.24143357842901836,0.5826757689344453,-0.3412421905054269
D01_multihead_shared,S2,age_temporal,0,auroc,0.4921243390590089,0.7621841676961609,-0.27005982863715206
D01_multihead_shared,S2,age_temporal,0,bce,0.7466259167630209,0.45525196571288706,0.29137395105013386
D01_multihead_shared,S2,age_temporal,0,beta_mean,-0.011609859764575958,-0.987707793712616,0.97609793394804
D01_multihead_shared,S2,age_temporal,0,cf_rmse_age,0.33392113190637224,0.16337850832727058,0.17054262357910166
D01_multihead_shared,S2,age_temporal,0,cf_rmse_lag,0.31232001574104556,0.16469441396897286,0.1476256017720727
D01_multihead_shared,S2,age_temporal,0,content_free_lambda_corr,0.9638511712926189,0.9936269021543039,-0.029775730861685057
D01_multihead_shared,S2,age_temporal,0,content_free_lambda_rmse,0.8272731868248294,0.7101603987880337,0.1171127880367957
D01_multihead_shared,S2,age_temporal,0,delta_bce_beta0,1.4299686102781095e-05,0.011597614519995636,-0.011583314833892855
D01_multihead_shared,S2,age_temporal,0,delta_bce_full_age_shuffle,-0.004656160751708716,0.03253302071430808,-0.037189181466016796
D01_multihead_shared,S2,age_temporal,0,delta_bce_gate_age_shuffle,7.617395090919743e-06,0.021071382260030525,-0.021063764864939605
D01_multihead_shared,S2,age_temporal,0,gate_signal_correlation,0.5530684952112461,0.8642395843916708,-0.3111710891804247
D01_multihead_shared,S2,age_temporal,0,gate_signal_mae,0.22171101434919382,0.1208460507982202,0.10086496355097363
D01_multihead_shared,S2,age_temporal,0,gate_signal_rmse,0.28705444882583503,0.15129469644065802,0.135759752385177
D01_multihead_shared,S2,age_temporal,0,surface_rmse,0.33868886160008393,0.190798172445814,0.14789068915426992
D01_multihead_shared,S2,matched,0,delta_auprc_at_minus_to,-1.023131413480094e-05,0.007176678156564753,-0.007186909470699554
D01_multihead_shared,S2,matched,0,delta_auroc_at_minus_to,1.5524916844644743e-05,0.0016731854571029325,-0.0016576605402582878
D01_multihead_shared,S2,matched,0,delta_bce_to_minus_at,1.341903740714745e-05,0.0038660719982747116,-0.003852652960867564
D01_multihead_shared,S2,temporal_only,0,abs_beta_mean,0.0,0.0,0.0
D01_multihead_shared,S2,temporal_only,0,auprc,0.24144380974315316,0.5754990907778805,-0.33405528103472737
D01_multihead_shared,S2,temporal_only,0,auroc,0.49210881414216423,0.760510982239058,-0.26840216809689377
D01_multihead_shared,S2,temporal_only,0,bce,0.7466393358004281,0.4591180377111618,0.2875212980892663
D01_multihead_shared,S2,temporal_only,0,beta_mean,0.0,0.0,0.0
D01_multihead_shared,S2,temporal_only,0,cf_rmse_age,0.33392687206484484,0.19214653666744333,0.1417803353974015
D01_multihead_shared,S2,temporal_only,0,cf_rmse_lag,0.3123318339900596,0.18358574103658196,0.12874609295347764
D01_multihead_shared,S2,temporal_only,0,content_free_lambda_rmse,0.8304909892553128,0.9306491344153932,-0.10015814516008037
D01_multihead_shared,S2,temporal_only,0,delta_bce_beta0,0.0,0.0,0.0
D01_multihead_shared,S2,temporal_only,0,delta_bce_full_age_shuffle,-0.00466329940892074,0.008824530239843253,-0.013487829648763994
D01_multihead_shared,S2,temporal_only,0,delta_bce_gate_age_shuffle,0.0,0.0,0.0
D01_multihead_shared,S2,temporal_only,0,gate_signal_correlation,0.5487221937660403,0.5031778276647036,0.04554436610133661
D01_multihead_shared,S2,temporal_only,0,gate_signal_mae,0.2226828388611176,0.22197307351997256,0.00070976534114503
D01_multihead_shared,S2,temporal_only,0,gate_signal_rmse,0.28813299476263843,0.2640854302357091,0.024047564526929355
D01_multihead_shared,S2,temporal_only,0,surface_rmse,0.33869805184154395,0.2286461189688743,0.11005193287266965
D02_multihead_dev,S2,age_temporal,0,abs_beta_mean,0.011611035792157054,0.987707793712616,-0.9760967579204589
D02_multihead_dev,S2,age_temporal,0,auprc,0.2414303225977897,0.5826757689344453,-0.34124544633665554
D02_multihead_dev,S2,age_temporal,0,auroc,0.49212045782979774,0.7621841676961609,-0.2700637098663632
D02_multihead_dev,S2,age_temporal,0,bce,0.7466211914845737,0.45525196571288706,0.29136922577168667
D02_multihead_dev,S2,age_temporal,0,beta_mean,-0.011611035792157054,-0.987707793712616,0.9760967579204589
D02_multihead_dev,S2,age_temporal,0,cf_rmse_age,0.33392199954347124,0.16337850832727058,0.17054349121620066
D02_multihead_dev,S2,age_temporal,0,cf_rmse_lag,0.3123205067793919,0.16469441396897286,0.14762609281041902
D02_multihead_dev,S2,age_temporal,0,delta_bce_beta0,1.8983761826740775e-05,0.011597614519995636,-0.011578630758168895
D02_multihead_dev,S2,age_temporal,0,delta_bce_full_age_shuffle,-0.0046525884084096525,0.03253302071430808,-0.03718560912271773
D02_multihead_dev,S2,age_temporal,0,delta_bce_gate_age_shuffle,1.3547016732617934e-05,0.021071382260030525,-0.021057835243297907
D02_multihead_dev,S2,age_temporal,0,gate_signal_correlation,0.5530744335428913,0.8642395843916708,-0.3111651508487795
D02_multihead_dev,S2,age_temporal,0,gate_signal_mae,0.22171009981424455,0.1208460507982202,0.10086404901602436
D02_multihead_dev,S2,age_temporal,0,gate_signal_rmse,0.28705217127335086,0.15129469644065802,0.13575747483269285
D02_multihead_dev,S2,age_temporal,0,surface_rmse,0.3386898388302067,0.190798172445814,0.1478916663843927
D02_multihead_dev,S2,matched,0,delta_auprc_at_minus_to,-1.348714536344997e-05,0.007176678156564753,-0.007190165301928203
D02_multihead_dev,S2,matched,0,delta_auroc_at_minus_to,1.1643687633511313e-05,0.0016731854571029325,-0.0016615417694694212
D02_multihead_dev,S2,matched,0,delta_bce_to_minus_at,1.8144259927854733e-05,0.0038660719982747116,-0.003847927738346857
D02_multihead_dev,S2,temporal_only,0,abs_beta_mean,0.0,0.0,0.0
D02_multihead_dev,S2,temporal_only,0,auprc,0.24144380974315316,0.5754990907778805,-0.33405528103472737
D02_multihead_dev,S2,temporal_only,0,auroc,0.49210881414216423,0.760510982239058,-0.26840216809689377
D02_multihead_dev,S2,temporal_only,0,bce,0.7466393357445016,0.4591180377111618,0.2875212980333398
D02_multihead_dev,S2,temporal_only,0,beta_mean,0.0,0.0,0.0
D02_multihead_dev,S2,temporal_only,0,cf_rmse_age,0.3339268716141939,0.19214653666744333,0.14178033494675055
D02_multihead_dev,S2,temporal_only,0,cf_rmse_lag,0.3123318320272465,0.18358574103658196,0.12874609099066456
D02_multihead_dev,S2,temporal_only,0,delta_bce_beta0,0.0,0.0,0.0
D02_multihead_dev,S2,temporal_only,0,delta_bce_full_age_shuffle,-0.004663299521956432,0.008824530239843253,-0.013487829761799686
D02_multihead_dev,S2,temporal_only,0,delta_bce_gate_age_shuffle,0.0,0.0,0.0
D02_multihead_dev,S2,temporal_only,0,gate_signal_correlation,0.5487221937660403,0.5031778276647036,0.04554436610133661
D02_multihead_dev,S2,temporal_only,0,gate_signal_mae,0.2226828388611176,0.22197307351997256,0.00070976534114503
D02_multihead_dev,S2,temporal_only,0,gate_signal_rmse,0.28813299476263843,0.2640854302357091,0.024047564526929355
D02_multihead_dev,S2,temporal_only,0,surface_rmse,0.3386980519131147,0.2286461189688743,0.1100519329442404
