scenario,seed,metric,value
S2,0,A1_v_mean_auroc,1.0
S2,0,A1_pre_mean_auroc,1.0
S2,0,A2_v_rmse,0.0652742013335228
S2,0,A2_v_corr,0.9984097650894989
S2,0,A2_v_r2,0.9968220112566916
S2,0,A2_raw_rmse,0.0925886407494545
S2,0,A2_raw_corr,0.9967979381440266
S2,0,A3_u_mean_bg,0.08371687558908796
S2,0,A3_u_mean_sig,0.8201078643879438
S2,0,B_corr_u_mean_abs,0.6029458277806969
S2,0,B_corr_u_max_abs,0.4429247616272583
S2,0,C1_bce,0.47188209762120614
S2,0,C1_auroc,0.7752458850277709
S2,0,C1_auprc,0.5879553109456113
S2,0,C1_surface_rmse,0.16901325514146354
S2,0,C2_bce,0.43321741180756335
S2,0,C2_auroc,0.7931278855470902
S2,0,C2_auprc,0.6274676200968484
S2,0,C2_surface_rmse,0.1026532627356414
S2,0,delta_C1_C2_bce,0.038664685813642796
S2,0,delta_C1_C2_auroc,-0.01788200051931932
S2,0,delta_C1_C2_auprc,-0.03951230915123716
S2,0,delta_C1_C2_surface_rmse,0.06635999240582213
