scenario,arm,beta_true,theta0_true,beta_hat,theta0_hat,AUPRC,AUROC,BCE,CF_RMSE_age,CF_RMSE_lag,Surface_RMSE,delta_BCE_age_shuffle_val_stored,delta_BCE_beta0_val_stored,delta_BCE_age_shuffle_test,delta_BCE_beta0_test,mean_abs_logit_change_age_shuffle,mean_abs_logit_change_beta0,lambda_corr,param_Surface_RMSE,S5_Surface_RMSE_acute,S5_Surface_RMSE_intermediate,S5_Surface_RMSE_chronic,S5_Surface_RMSE_mean,persistence_order_correct,trainable_params,lambda_hat_json
S0,dtr_age_temporal_new,0.0,0.0,0.0018794552888721228,-0.05895509943366051,0.5258811395212892,0.7303832933167871,0.48251928657496657,0.09861166967821862,0.12005579078620213,0.1387288761444996,0.007785567082242484,6.889267063492355e-07,0.007085810363764711,-4.554925713273761e-07,0.22642584145069122,0.0006242003873921931,nan,0.012109933086006051,,,,,,55107,"[0.6631924510002136, 0.663293719291687, 0.6633949279785156, 0.663496196269989, 0.6635974645614624, 0.6636987924575806, 0.663800060749054, 0.6639013886451721, 0.6640027165412903, 0.6641040444374084, 0.6642053723335266, 0.6643067598342896, 0.6644080877304077, 0.6645094752311707, 0.6646108627319336, 0.6647122502326965, 0.6648136377334595, 0.6649150848388672, 0.6650165319442749]"
S0,dtr_temporal_only_new,0.0,0.0,0.0,-0.058247774839401245,0.5296744906169825,0.7333671675479299,0.48065413651519356,0.084145483117387,0.11527290162915764,0.14982459476293244,,,,,,,,,,,,,,55106,[0.6644473671913147]
S1,dtr_age_temporal_new,0.0,0.0,0.026522744446992874,-0.07940160483121872,0.5387366741996715,0.7418724216394751,0.48036948812748687,0.13283742387116215,0.12008513964136351,0.17008527728097408,0.01000625738418931,1.8733997281805692e-06,0.009478258514611426,7.147355765363406e-05,0.2645648419857025,0.008394704200327396,nan,0.016756322376551978,,,,,,55107,"[0.6415868401527405, 0.6429834365844727, 0.6443822383880615, 0.6457831859588623, 0.647186279296875, 0.6485915184020996, 0.6499989628791809, 0.6514085531234741, 0.6528202891349792, 0.6542342305183411, 0.6556503772735596, 0.6570686101913452, 0.6584890484809875, 0.6599116921424866, 0.6613364219665527, 0.6627634167671204, 0.6641924977302551, 0.6656237840652466, 0.66705721616745]"
S1,dtr_temporal_only_new,0.0,0.0,0.0,-0.09293084591627121,0.5370116114737802,0.7398615507952973,0.4813835606098634,0.14057474988484797,0.12055292439021775,0.1687406901127546,,,,,,,,,,,,,,55106,[0.6477608680725098]
S2,dtr_age_temporal_new,-2.5,0.0,-0.6151092648506165,-0.08818068355321884,0.5765216901925238,0.7605760485882068,0.45861258257578463,0.1422413997058967,0.16559003100876837,0.20129356921286942,0.020081041761893625,0.00693988838749976,0.020413453364018286,0.007125397676752798,0.3621228039264679,0.21005825698375702,0.9827623554347351,0.2143188783350659,,,,,,55107,"[0.9909240007400513, 0.9484988451004028, 0.9071820974349976, 0.8669895529747009, 0.8279348611831665, 0.7900291085243225, 0.7532809972763062, 0.7176964282989502, 0.6832787394523621, 0.6500284671783447, 0.617943525314331, 0.5870190262794495, 0.5572473406791687, 0.528618574142456, 0.5011200308799744, 0.47473669052124023, 0.44945141673088074, 0.4252448081970215, 0.40209561586380005]"
S2,dtr_temporal_only_new,-2.5,0.0,0.0,-0.10930411517620087,0.5689695664492664,0.7577090463428859,0.46254313003898545,0.17737379595297495,0.18411855417566345,0.23606079048992756,,,,,,,,,,,,,,55106,[0.6399877667427063]
S3,dtr_age_temporal_new,2.5,0.0,0.5879891514778137,-0.10524936020374298,0.5292604671667173,0.7316429610500008,0.48893703058364735,0.13172860001266043,0.09053549587890017,0.1463232409961427,0.017630162593909926,0.0059354988307182,0.019517780539608398,0.006202196604661481,0.3341086804866791,0.17649884521961212,0.9822057984528719,0.21633585729949734,,,,,,55107,"[0.40543466806411743, 0.4276883602142334, 0.4509103298187256, 0.47511908411979675, 0.5003314018249512, 0.5265624523162842, 0.553825318813324, 0.5821312069892883, 0.6114892959594727, 0.6419065594673157, 0.6733877062797546, 0.7059353590011597, 0.7395496964454651, 0.7742287516593933, 0.8099682331085205, 0.8467615842819214, 0.8846002221107483, 0.9234733581542969, 0.9633682370185852]"
S3,dtr_temporal_only_new,2.5,0.0,0.0,-0.09999409317970276,0.5216313028330678,0.7300447487616853,0.49174351382582887,0.13165708257709263,0.08871320340831129,0.1474016910069131,,,,,,,,,,,,,,55106,[0.6443994641304016]
S5,dtr_age_temporal_new,-2.5,0.0,-0.47958698868751526,-0.07368983328342438,0.5871485765613361,0.7715588994733654,0.4587765905144403,0.25380677903359844,0.21901929771793652,0.18263960579390823,0.021540489737606194,0.0045278847305751935,0.02123318519052636,0.004507477118004977,0.35854679346084595,0.15948571264743805,0.9791150792912969,0.23255591880031748,0.18671418409365337,0.19893398159539127,0.14907206731992934,0.178240077669658,True,55107,"[0.9165499806404114, 0.8849138617515564, 0.8539659976959229, 0.8237122297286987, 0.7941576838493347, 0.765306293964386, 0.7371613383293152, 0.7097249031066895, 0.68299800157547, 0.6569808721542358, 0.6316726207733154, 0.6070712804794312, 0.5831739902496338, 0.5599769353866577, 0.5374752879142761, 0.5156633257865906, 0.49453437328338623, 0.47408100962638855, 0.4542948603630066]"
S5,dtr_temporal_only_new,-2.5,0.0,0.0,-0.07813110947608948,0.5828031276527126,0.767722120258647,0.46245544839907,0.2808290468868344,0.2513119557212716,0.21856636930937073,,,,,,,,,0.20413436917665456,0.20195412643437216,0.18051580460683486,0.19553476673928719,True,55106,[0.6548444628715515]
