task,arm,split,band,n,pos,prev,auroc,auprc
heart_malformations,vanilla,val,neonate,315,36,0.1143,0.9014,0.6149
heart_malformations,vanilla,val,infant,408,79,0.1936,0.9886,0.9641
heart_malformations,vanilla,val,toddler,223,56,0.2511,0.9852,0.9838
heart_malformations,vanilla,val,preschool,152,37,0.2434,0.9976,0.9942
heart_malformations,vanilla,val,school,134,15,0.1119,0.9748,0.893
heart_malformations,vanilla,val,adolescent,48,0,0.0,,
heart_malformations,vanilla,test,neonate,606,75,0.1238,0.8891,0.6213
heart_malformations,vanilla,test,infant,834,195,0.2338,0.987,0.9679
heart_malformations,vanilla,test,toddler,453,114,0.2517,0.9973,0.9934
heart_malformations,vanilla,test,preschool,286,62,0.2168,0.9996,0.9985
heart_malformations,vanilla,test,school,286,39,0.1364,0.9379,0.917
heart_malformations,vanilla,test,adolescent,108,8,0.0741,0.9712,0.8229
heart_malformations,kernel,val,neonate,315,36,0.1143,0.9466,0.8005
heart_malformations,kernel,val,infant,408,79,0.1936,0.9972,0.9879
heart_malformations,kernel,val,toddler,223,56,0.2511,0.9818,0.9763
heart_malformations,kernel,val,preschool,152,37,0.2434,0.9998,0.9993
heart_malformations,kernel,val,school,134,15,0.1119,0.9697,0.8947
heart_malformations,kernel,val,adolescent,48,0,0.0,,
heart_malformations,kernel,test,neonate,606,75,0.1238,0.9238,0.7954
heart_malformations,kernel,test,infant,834,195,0.2338,0.9747,0.9474
heart_malformations,kernel,test,toddler,453,114,0.2517,0.9996,0.999
heart_malformations,kernel,test,preschool,286,62,0.2168,0.9997,0.999
heart_malformations,kernel,test,school,286,39,0.1364,0.9843,0.9607
heart_malformations,kernel,test,adolescent,108,8,0.0741,0.9875,0.7481
heart_malformations,random_constant,val,neonate,315,36,0.1143,0.9268,0.6844
heart_malformations,random_constant,val,infant,408,79,0.1936,0.9961,0.9835
heart_malformations,random_constant,val,toddler,223,56,0.2511,0.9941,0.9866
heart_malformations,random_constant,val,preschool,152,37,0.2434,0.9932,0.9876
heart_malformations,random_constant,val,school,134,15,0.1119,0.9798,0.9287
heart_malformations,random_constant,val,adolescent,48,0,0.0,,
heart_malformations,random_constant,test,neonate,606,75,0.1238,0.9015,0.6134
heart_malformations,random_constant,test,infant,834,195,0.2338,0.9899,0.98
heart_malformations,random_constant,test,toddler,453,114,0.2517,0.9992,0.998
heart_malformations,random_constant,test,preschool,286,62,0.2168,0.9992,0.9975
heart_malformations,random_constant,test,school,286,39,0.1364,0.9568,0.9331
heart_malformations,random_constant,test,adolescent,108,8,0.0741,0.9875,0.8911
heart_malformations,additive,val,neonate,315,36,0.1143,0.9285,0.6618
heart_malformations,additive,val,infant,408,79,0.1936,0.9881,0.9589
heart_malformations,additive,val,toddler,223,56,0.2511,0.9855,0.9788
heart_malformations,additive,val,preschool,152,37,0.2434,0.9948,0.9899
heart_malformations,additive,val,school,134,15,0.1119,0.9888,0.9386
heart_malformations,additive,val,adolescent,48,0,0.0,,
heart_malformations,additive,test,neonate,606,75,0.1238,0.9196,0.6172
heart_malformations,additive,test,infant,834,195,0.2338,0.9849,0.9543
heart_malformations,additive,test,toddler,453,114,0.2517,0.9982,0.9961
heart_malformations,additive,test,preschool,286,62,0.2168,0.9993,0.9973
heart_malformations,additive,test,school,286,39,0.1364,0.9413,0.9041
heart_malformations,additive,test,adolescent,108,8,0.0741,0.985,0.8785
los_gt7,vanilla,val,neonate,276,192,0.6957,0.8145,0.8893
los_gt7,vanilla,val,infant,279,103,0.3692,0.7599,0.6716
los_gt7,vanilla,val,toddler,140,45,0.3214,0.7881,0.5878
los_gt7,vanilla,val,preschool,93,22,0.2366,0.6997,0.4331
los_gt7,vanilla,val,school,77,27,0.3506,0.7319,0.5383
los_gt7,vanilla,val,adolescent,29,13,0.4483,0.6779,0.6211
los_gt7,vanilla,test,neonate,529,341,0.6446,0.8315,0.8997
los_gt7,vanilla,test,infant,559,201,0.3596,0.7998,0.704
los_gt7,vanilla,test,toddler,268,83,0.3097,0.7942,0.6051
los_gt7,vanilla,test,preschool,153,51,0.3333,0.7812,0.625
los_gt7,vanilla,test,school,185,64,0.3459,0.7182,0.5437
los_gt7,vanilla,test,adolescent,66,22,0.3333,0.7025,0.5751
los_gt7,kernel,val,neonate,276,192,0.6957,0.7997,0.8875
los_gt7,kernel,val,infant,279,103,0.3692,0.7488,0.6732
los_gt7,kernel,val,toddler,140,45,0.3214,0.7441,0.4852
los_gt7,kernel,val,preschool,93,22,0.2366,0.6818,0.355
los_gt7,kernel,val,school,77,27,0.3506,0.6674,0.5614
los_gt7,kernel,val,adolescent,29,13,0.4483,0.7692,0.752
los_gt7,kernel,test,neonate,529,341,0.6446,0.8145,0.8875
los_gt7,kernel,test,infant,559,201,0.3596,0.7765,0.6916
los_gt7,kernel,test,toddler,268,83,0.3097,0.77,0.5514
los_gt7,kernel,test,preschool,153,51,0.3333,0.8097,0.6139
los_gt7,kernel,test,school,185,64,0.3459,0.7444,0.5964
los_gt7,kernel,test,adolescent,66,22,0.3333,0.5981,0.376
los_gt7,random_constant,val,neonate,276,192,0.6957,0.8059,0.881
los_gt7,random_constant,val,infant,279,103,0.3692,0.748,0.6553
los_gt7,random_constant,val,toddler,140,45,0.3214,0.7876,0.5747
los_gt7,random_constant,val,preschool,93,22,0.2366,0.7177,0.3769
los_gt7,random_constant,val,school,77,27,0.3506,0.7348,0.572
los_gt7,random_constant,val,adolescent,29,13,0.4483,0.7308,0.7075
los_gt7,random_constant,test,neonate,529,341,0.6446,0.8275,0.8908
los_gt7,random_constant,test,infant,559,201,0.3596,0.7918,0.7081
los_gt7,random_constant,test,toddler,268,83,0.3097,0.7807,0.5814
los_gt7,random_constant,test,preschool,153,51,0.3333,0.7724,0.5846
los_gt7,random_constant,test,school,185,64,0.3459,0.7389,0.5621
los_gt7,random_constant,test,adolescent,66,22,0.3333,0.6436,0.4203
los_gt7,additive,val,neonate,276,192,0.6957,0.8084,0.887
los_gt7,additive,val,infant,279,103,0.3692,0.7538,0.6615
los_gt7,additive,val,toddler,140,45,0.3214,0.7892,0.5822
los_gt7,additive,val,preschool,93,22,0.2366,0.7759,0.4309
los_gt7,additive,val,school,77,27,0.3506,0.737,0.549
los_gt7,additive,val,adolescent,29,13,0.4483,0.7933,0.7922
los_gt7,additive,test,neonate,529,341,0.6446,0.8222,0.8951
los_gt7,additive,test,infant,559,201,0.3596,0.7827,0.689
los_gt7,additive,test,toddler,268,83,0.3097,0.7972,0.5946
los_gt7,additive,test,preschool,153,51,0.3333,0.8008,0.6288
los_gt7,additive,test,school,185,64,0.3459,0.7166,0.5525
los_gt7,additive,test,adolescent,66,22,0.3333,0.6188,0.4596
mortality,vanilla,val,neonate,312,20,0.0641,0.7185,0.2757
mortality,vanilla,val,infant,403,31,0.0769,0.8045,0.3881
mortality,vanilla,val,toddler,220,10,0.0455,0.801,0.1223
mortality,vanilla,val,preschool,150,4,0.0267,0.9315,0.2366
mortality,vanilla,val,school,133,10,0.0752,0.8862,0.4386
mortality,vanilla,val,adolescent,48,4,0.0833,0.8807,0.4798
mortality,vanilla,test,neonate,597,38,0.0637,0.7853,0.2479
mortality,vanilla,test,infant,821,52,0.0633,0.824,0.2071
mortality,vanilla,test,toddler,447,18,0.0403,0.8863,0.3609
mortality,vanilla,test,preschool,284,8,0.0282,0.913,0.3003
mortality,vanilla,test,school,282,17,0.0603,0.7938,0.2377
mortality,vanilla,test,adolescent,107,4,0.0374,0.9078,0.5775
mortality,kernel,val,neonate,312,20,0.0641,0.7899,0.2468
mortality,kernel,val,infant,403,31,0.0769,0.8404,0.4732
mortality,kernel,val,toddler,220,10,0.0455,0.8324,0.1647
mortality,kernel,val,preschool,150,4,0.0267,0.9452,0.2299
mortality,kernel,val,school,133,10,0.0752,0.8211,0.3632
mortality,kernel,val,adolescent,48,4,0.0833,0.8523,0.3139
mortality,kernel,test,neonate,597,38,0.0637,0.7807,0.2598
mortality,kernel,test,infant,821,52,0.0633,0.8139,0.2273
mortality,kernel,test,toddler,447,18,0.0403,0.8411,0.2288
mortality,kernel,test,preschool,284,8,0.0282,0.9484,0.4861
mortality,kernel,test,school,282,17,0.0603,0.7441,0.2394
mortality,kernel,test,adolescent,107,4,0.0374,0.7549,0.1125
mortality,random_constant,val,neonate,312,20,0.0641,0.7527,0.2201
mortality,random_constant,val,infant,403,31,0.0769,0.7769,0.3398
mortality,random_constant,val,toddler,220,10,0.0455,0.7533,0.0979
mortality,random_constant,val,preschool,150,4,0.0267,0.9469,0.3483
mortality,random_constant,val,school,133,10,0.0752,0.8927,0.4015
mortality,random_constant,val,adolescent,48,4,0.0833,0.7614,0.2435
mortality,random_constant,test,neonate,597,38,0.0637,0.8149,0.2981
mortality,random_constant,test,infant,821,52,0.0633,0.7808,0.1656
mortality,random_constant,test,toddler,447,18,0.0403,0.8749,0.2743
mortality,random_constant,test,preschool,284,8,0.0282,0.9026,0.5309
mortality,random_constant,test,school,282,17,0.0603,0.7199,0.2599
mortality,random_constant,test,adolescent,107,4,0.0374,0.8422,0.1575
mortality,additive,val,neonate,312,20,0.0641,0.7401,0.3285
mortality,additive,val,infant,403,31,0.0769,0.8263,0.3373
mortality,additive,val,toddler,220,10,0.0455,0.8148,0.1346
mortality,additive,val,preschool,150,4,0.0267,0.9486,0.3305
mortality,additive,val,school,133,10,0.0752,0.9057,0.597
mortality,additive,val,adolescent,48,4,0.0833,0.9091,0.5152
mortality,additive,test,neonate,597,38,0.0637,0.7833,0.2533
mortality,additive,test,infant,821,52,0.0633,0.8256,0.2165
mortality,additive,test,toddler,447,18,0.0403,0.899,0.2491
mortality,additive,test,preschool,284,8,0.0282,0.8995,0.3361
mortality,additive,test,school,282,17,0.0603,0.8093,0.29
mortality,additive,test,adolescent,107,4,0.0374,0.8932,0.3881
pneumonia,vanilla,val,neonate,315,5,0.0159,0.8303,0.0686
pneumonia,vanilla,val,infant,407,63,0.1548,0.9468,0.8264
pneumonia,vanilla,val,toddler,223,16,0.0717,0.9502,0.6652
pneumonia,vanilla,val,preschool,152,10,0.0658,0.9803,0.7852
pneumonia,vanilla,val,school,134,8,0.0597,0.9722,0.7787
pneumonia,vanilla,val,adolescent,48,3,0.0625,0.9259,0.3889
pneumonia,vanilla,test,neonate,606,4,0.0066,0.892,0.0619
pneumonia,vanilla,test,infant,834,121,0.1451,0.9548,0.7808
pneumonia,vanilla,test,toddler,453,23,0.0508,0.9619,0.7148
pneumonia,vanilla,test,preschool,286,11,0.0385,0.9686,0.725
pneumonia,vanilla,test,school,286,11,0.0385,0.9061,0.6492
pneumonia,vanilla,test,adolescent,108,3,0.0278,0.9556,0.5214
pneumonia,kernel,val,neonate,315,5,0.0159,0.9871,0.5788
pneumonia,kernel,val,infant,407,63,0.1548,0.9886,0.9512
pneumonia,kernel,val,toddler,223,16,0.0717,0.9411,0.7404
pneumonia,kernel,val,preschool,152,10,0.0658,0.9789,0.8598
pneumonia,kernel,val,school,134,8,0.0597,0.9692,0.7829
pneumonia,kernel,val,adolescent,48,3,0.0625,0.8963,0.3547
pneumonia,kernel,test,neonate,606,4,0.0066,0.9821,0.4653
pneumonia,kernel,test,infant,834,121,0.1451,0.9847,0.8991
pneumonia,kernel,test,toddler,453,23,0.0508,0.9462,0.6594
pneumonia,kernel,test,preschool,286,11,0.0385,0.9921,0.8629
pneumonia,kernel,test,school,286,11,0.0385,0.9428,0.5531
pneumonia,kernel,test,adolescent,108,3,0.0278,0.8857,0.4143
pneumonia,random_constant,val,neonate,315,5,0.0159,0.9697,0.6311
pneumonia,random_constant,val,infant,407,63,0.1548,0.9803,0.9275
pneumonia,random_constant,val,toddler,223,16,0.0717,0.9632,0.8153
pneumonia,random_constant,val,preschool,152,10,0.0658,1.0,1.0
pneumonia,random_constant,val,school,134,8,0.0597,0.9633,0.8705
pneumonia,random_constant,val,adolescent,48,3,0.0625,0.9778,0.7556
pneumonia,random_constant,test,neonate,606,4,0.0066,0.9605,0.1142
pneumonia,random_constant,test,infant,834,121,0.1451,0.9887,0.9569
pneumonia,random_constant,test,toddler,453,23,0.0508,0.982,0.8079
pneumonia,random_constant,test,preschool,286,11,0.0385,0.9904,0.7819
pneumonia,random_constant,test,school,286,11,0.0385,0.8926,0.6256
pneumonia,random_constant,test,adolescent,108,3,0.0278,0.9905,0.8333
pneumonia,additive,val,neonate,315,5,0.0159,0.8871,0.1888
pneumonia,additive,val,infant,407,63,0.1548,0.9608,0.894
pneumonia,additive,val,toddler,223,16,0.0717,0.9466,0.7249
pneumonia,additive,val,preschool,152,10,0.0658,0.9718,0.749
pneumonia,additive,val,school,134,8,0.0597,0.9861,0.8651
pneumonia,additive,val,adolescent,48,3,0.0625,0.9481,0.6095
pneumonia,additive,test,neonate,606,4,0.0066,0.9186,0.0898
pneumonia,additive,test,infant,834,121,0.1451,0.9745,0.899
pneumonia,additive,test,toddler,453,23,0.0508,0.9694,0.7029
pneumonia,additive,test,preschool,286,11,0.0385,0.9226,0.6976
pneumonia,additive,test,school,286,11,0.0385,0.956,0.5398
pneumonia,additive,test,adolescent,108,3,0.0278,0.9587,0.5714
