experiment,scenario,arm,seed,metric,candidate,c00,delta
C01_staged_current,S2,age_temporal,0,abs_beta_mean,0.011624667793512344,0.0005757106118835509,0.011048957181628793
C01_staged_current,S2,age_temporal,0,auprc,0.2416314600815646,0.24140478853171324,0.0002266715498513705
C01_staged_current,S2,age_temporal,0,auroc,0.49031568624660554,0.49012679975832874,0.0001888864882768071
C01_staged_current,S2,age_temporal,0,bce,0.7457725496001983,0.7488853268521468,-0.003112777251948473
C01_staged_current,S2,age_temporal,0,beta_mean,0.011624667793512344,0.0005757106118835509,0.011048957181628793
C01_staged_current,S2,age_temporal,0,cf_rmse_age,0.33314839551616915,0.3349637040970936,-0.0018153085809244351
C01_staged_current,S2,age_temporal,0,cf_rmse_lag,0.31744343070352304,0.31969240871968735,-0.0022489780161643047
C01_staged_current,S2,age_temporal,0,content_free_lambda_corr,-0.9630040419328054,-0.963416017211494,0.00041197527868852557
C01_staged_current,S2,age_temporal,0,content_free_lambda_rmse,0.8335362721914532,0.8286996495976233,0.004836622593829887
C01_staged_current,S2,age_temporal,0,delta_bce_beta0,4.830369953023883e-06,4.5707665874417103e-07,4.373293294279712e-06
C01_staged_current,S2,age_temporal,0,delta_bce_full_age_shuffle,-0.00458930599488383,-0.0046020737286723845,1.2767733788554558e-05
C01_staged_current,S2,age_temporal,0,delta_bce_gate_age_shuffle,6.765265735619863e-06,3.1566178204656126e-07,6.449603953573302e-06
C01_staged_current,S2,age_temporal,0,gate_signal_correlation,0.5445625524639498,0.5486468029162909,-0.004084250452341065
C01_staged_current,S2,age_temporal,0,gate_signal_mae,0.22378045096571897,0.22347740127719376,0.00030304968852520875
C01_staged_current,S2,age_temporal,0,gate_signal_rmse,0.28951078763039134,0.2897745048090656,-0.0002637171786742387
C01_staged_current,S2,age_temporal,0,surface_rmse,0.346729921220817,0.34932312431725876,-0.0025932030964417874
C01_staged_current,S2,matched,0,delta_auprc_at_minus_to,3.12809369424627e-05,1.9857545136836574e-06,2.9295182428779043e-05
C01_staged_current,S2,matched,0,delta_auroc_at_minus_to,2.5874861407815253e-05,-1.293743070451825e-06,2.7168604478267078e-05
C01_staged_current,S2,matched,0,delta_bce_to_minus_at,4.208344094092098e-06,4.524914218873022e-07,3.755852672204796e-06
C01_staged_current,S2,temporal_only,0,abs_beta_mean,0.0,0.0,0.0
C01_staged_current,S2,temporal_only,0,auprc,0.24160017914462215,0.24140280277719955,0.00019737636742259146
C01_staged_current,S2,temporal_only,0,auroc,0.4902898113851977,0.4901280935013992,0.00016171788379854002
C01_staged_current,S2,temporal_only,0,bce,0.7457767579442924,0.7488857793435687,-0.0031090213992762683
C01_staged_current,S2,temporal_only,0,beta_mean,0.0,0.0,0.0
C01_staged_current,S2,temporal_only,0,cf_rmse_age,0.3331652830055248,0.33496454718814883,-0.0017992641826240496
C01_staged_current,S2,temporal_only,0,cf_rmse_lag,0.31744118869177107,0.31969267751750874,-0.0022514888257376686
C01_staged_current,S2,temporal_only,0,content_free_lambda_rmse,0.8303158258749518,0.8285387892997953,0.0017770365751564876
C01_staged_current,S2,temporal_only,0,delta_bce_beta0,0.0,0.0,0.0
C01_staged_current,S2,temporal_only,0,delta_bce_full_age_shuffle,-0.004591244922234283,-0.004602162261406972,1.0917339172689111e-05
C01_staged_current,S2,temporal_only,0,delta_bce_gate_age_shuffle,0.0,0.0,0.0
C01_staged_current,S2,temporal_only,0,gate_signal_correlation,0.5489091632384405,0.5488602909280664,4.88723103740929e-05
C01_staged_current,S2,temporal_only,0,gate_signal_mae,0.22281239983940168,0.22342989998626692,-0.0006175001468652352
C01_staged_current,S2,temporal_only,0,gate_signal_rmse,0.28843959248059675,0.2897219590419893,-0.0012823665613925228
C01_staged_current,S2,temporal_only,0,surface_rmse,0.3467422301144549,0.3493240035849103,-0.0025817734704554063
C02_mass_current,S2,age_temporal,0,abs_beta_mean,0.0005695337895303965,0.0005757106118835509,-6.176822353154421e-06
C02_mass_current,S2,age_temporal,0,auprc,0.24218691851310692,0.24140478853171324,0.0007821299813936811
C02_mass_current,S2,age_temporal,0,auroc,0.49022124300246717,0.49012679975832874,9.44432441384313e-05
C02_mass_current,S2,age_temporal,0,bce,0.7503515743917392,0.7488853268521468,0.0014662475395923469
C02_mass_current,S2,age_temporal,0,beta_mean,0.0005695337895303965,0.0005757106118835509,-6.176822353154421e-06
C02_mass_current,S2,age_temporal,0,cf_rmse_age,0.335502398439293,0.3349637040970936,0.0005386943421994417
C02_mass_current,S2,age_temporal,0,cf_rmse_lag,0.3161463008888245,0.31969240871968735,-0.0035461078308628435
C02_mass_current,S2,age_temporal,0,content_free_lambda_corr,-0.963405499821051,-0.963416017211494,1.051739044299893e-05
C02_mass_current,S2,age_temporal,0,content_free_lambda_rmse,0.8286481048308617,0.8286996495976233,-5.1544766761613126e-05
C02_mass_current,S2,age_temporal,0,delta_bce_beta0,4.549306931167507e-09,4.5707665874417103e-07,-4.525273518130035e-07
C02_mass_current,S2,age_temporal,0,delta_bce_full_age_shuffle,-0.004632187459051695,-0.0046020737286723845,-3.0113730379310866e-05
C02_mass_current,S2,age_temporal,0,delta_bce_gate_age_shuffle,1.1311198755414864e-08,3.1566178204656126e-07,-3.043505832911464e-07
C02_mass_current,S2,age_temporal,0,gate_signal_correlation,0.5486528273449202,0.5486468029162909,6.024428629292089e-06
C02_mass_current,S2,age_temporal,0,gate_signal_mae,0.2234787547294665,0.22347740127719376,1.3534522727287612e-06
C02_mass_current,S2,age_temporal,0,gate_signal_rmse,0.28977587755368633,0.2897745048090656,1.37274462075343e-06
C02_mass_current,S2,age_temporal,0,surface_rmse,0.3433419426177745,0.34932312431725876,-0.00598118169948425
C02_mass_current,S2,matched,0,delta_auprc_at_minus_to,6.803597051574517e-07,1.9857545136836574e-06,-1.3053948085262057e-06
C02_mass_current,S2,matched,0,delta_auroc_at_minus_to,1.2937430703963138e-06,-1.293743070451825e-06,2.5874861408481387e-06
C02_mass_current,S2,matched,0,delta_bce_to_minus_at,4.568044498221013e-09,4.524914218873022e-07,-4.4792337738908117e-07
C02_mass_current,S2,temporal_only,0,abs_beta_mean,0.0,0.0,0.0
C02_mass_current,S2,temporal_only,0,auprc,0.24218623815340176,0.24140280277719955,0.0007834353762022073
C02_mass_current,S2,temporal_only,0,auroc,0.49021994925939677,0.4901280935013992,9.185575799758317e-05
C02_mass_current,S2,temporal_only,0,bce,0.7503515789597837,0.7488857793435687,0.0014657996162149578
C02_mass_current,S2,temporal_only,0,beta_mean,0.0,0.0,0.0
C02_mass_current,S2,temporal_only,0,cf_rmse_age,0.33550239527325165,0.33496454718814883,0.0005378480851028211
C02_mass_current,S2,temporal_only,0,cf_rmse_lag,0.3161462970868114,0.31969267751750874,-0.0035463804306973268
C02_mass_current,S2,temporal_only,0,content_free_lambda_rmse,0.8284889477486055,0.8285387892997953,-4.984155118981093e-05
C02_mass_current,S2,temporal_only,0,delta_bce_beta0,0.0,0.0,0.0
C02_mass_current,S2,temporal_only,0,delta_bce_full_age_shuffle,-0.004632195249552495,-0.004602162261406972,-3.003298814552302e-05
C02_mass_current,S2,temporal_only,0,delta_bce_gate_age_shuffle,0.0,0.0,0.0
C02_mass_current,S2,temporal_only,0,gate_signal_correlation,0.5488640269254316,0.5488602909280664,3.7359973651396317e-06
C02_mass_current,S2,temporal_only,0,gate_signal_mae,0.2234317582296665,0.22342989998626692,1.8582433995717462e-06
C02_mass_current,S2,temporal_only,0,gate_signal_rmse,0.2897238856280953,0.2897219590419893,1.9265861060380196e-06
C02_mass_current,S2,temporal_only,0,surface_rmse,0.34334194457935263,0.3493240035849103,-0.0059820590055576495
C03_weak_lambda_init,S2,age_temporal,0,abs_beta_mean,0.0005830998998135328,0.0005757106118835509,7.389287929981947e-06
C03_weak_lambda_init,S2,age_temporal,0,auprc,0.24122977072969976,0.24140478853171324,-0.00017501780201348294
C03_weak_lambda_init,S2,age_temporal,0,auroc,0.49316709597374214,0.49012679975832874,0.0030402962154134072
C03_weak_lambda_init,S2,age_temporal,0,bce,0.7516900486886067,0.7488853268521468,0.002804721836459856
C03_weak_lambda_init,S2,age_temporal,0,beta_mean,0.0005830998998135328,0.0005757106118835509,7.389287929981947e-06
C03_weak_lambda_init,S2,age_temporal,0,cf_rmse_age,0.3462028458296862,0.3349637040970936,0.011239141732592606
C03_weak_lambda_init,S2,age_temporal,0,cf_rmse_lag,0.32953258768486254,0.31969240871968735,0.009840178965175195
C03_weak_lambda_init,S2,age_temporal,0,content_free_lambda_corr,-0.9633791982789149,-0.963416017211494,3.6818932579008035e-05
C03_weak_lambda_init,S2,age_temporal,0,content_free_lambda_rmse,1.1559451573106083,0.8286996495976233,0.327245507712985
C03_weak_lambda_init,S2,age_temporal,0,delta_bce_beta0,1.238504311773525e-06,4.5707665874417103e-07,7.81427653029354e-07
C03_weak_lambda_init,S2,age_temporal,0,delta_bce_full_age_shuffle,-0.004642966703597429,-0.0046020737286723845,-4.089297492504418e-05
C03_weak_lambda_init,S2,age_temporal,0,delta_bce_gate_age_shuffle,1.141144666538807e-06,3.1566178204656126e-07,8.254828844922457e-07
C03_weak_lambda_init,S2,age_temporal,0,gate_signal_correlation,0.5276100608079227,0.5486468029162909,-0.021036742108368145
C03_weak_lambda_init,S2,age_temporal,0,gate_signal_mae,0.4066128852133984,0.22347740127719376,0.18313548393620463
C03_weak_lambda_init,S2,age_temporal,0,gate_signal_rmse,0.47697056801620985,0.2897745048090656,0.18719606320714427
C03_weak_lambda_init,S2,age_temporal,0,surface_rmse,0.35284171028968864,0.34932312431725876,0.0035185859724298774
C03_weak_lambda_init,S2,matched,0,delta_auprc_at_minus_to,-1.3027665382581155e-07,1.9857545136836574e-06,-2.116031167509469e-06
C03_weak_lambda_init,S2,matched,0,delta_auroc_at_minus_to,-2.5874861408481387e-06,-1.293743070451825e-06,-1.2937430703963138e-06
C03_weak_lambda_init,S2,matched,0,delta_bce_to_minus_at,1.2276772520802837e-06,4.524914218873022e-07,7.751858301929815e-07
C03_weak_lambda_init,S2,temporal_only,0,abs_beta_mean,0.0,0.0,0.0
C03_weak_lambda_init,S2,temporal_only,0,auprc,0.24122990100635358,0.24140280277719955,-0.00017290177084597347
C03_weak_lambda_init,S2,temporal_only,0,auroc,0.493169683459883,0.4901280935013992,0.0030415899584838035
C03_weak_lambda_init,S2,temporal_only,0,bce,0.7516912763658588,0.7488857793435687,0.002805497022290049
C03_weak_lambda_init,S2,temporal_only,0,beta_mean,0.0,0.0,0.0
C03_weak_lambda_init,S2,temporal_only,0,cf_rmse_age,0.34620453428357023,0.33496454718814883,0.0112399870954214
C03_weak_lambda_init,S2,temporal_only,0,cf_rmse_lag,0.32953319425066196,0.31969267751750874,0.009840516733153226
C03_weak_lambda_init,S2,temporal_only,0,content_free_lambda_rmse,1.1559229310159378,0.8285387892997953,0.3273841417161425
C03_weak_lambda_init,S2,temporal_only,0,delta_bce_beta0,0.0,0.0,0.0
C03_weak_lambda_init,S2,temporal_only,0,delta_bce_full_age_shuffle,-0.004643864011260601,-0.004602162261406972,-4.1701749853628733e-05
C03_weak_lambda_init,S2,temporal_only,0,delta_bce_gate_age_shuffle,0.0,0.0,0.0
C03_weak_lambda_init,S2,temporal_only,0,gate_signal_correlation,0.528033093221095,0.5488602909280664,-0.02082719770697139
C03_weak_lambda_init,S2,temporal_only,0,gate_signal_mae,0.4066069226147392,0.22342989998626692,0.18317702262847227
C03_weak_lambda_init,S2,temporal_only,0,gate_signal_rmse,0.47695858371031563,0.2897219590419893,0.18723662466832636
C03_weak_lambda_init,S2,temporal_only,0,surface_rmse,0.3528430370212514,0.3493240035849103,0.0035190334363411346
C04_no_content_persistence,S2,age_temporal,0,abs_beta_mean,0.0005757703329436481,0.0005757106118835509,5.972106009721756e-08
C04_no_content_persistence,S2,age_temporal,0,auprc,0.241402031500844,0.24140478853171324,-2.757030869243726e-06
C04_no_content_persistence,S2,age_temporal,0,auroc,0.4901255060152584,0.49012679975832874,-1.2937430703408026e-06
C04_no_content_persistence,S2,age_temporal,0,bce,0.7488907799017914,0.7488853268521468,5.453049644610353e-06
C04_no_content_persistence,S2,age_temporal,0,beta_mean,0.0005757703329436481,0.0005757106118835509,5.972106009721756e-08
C04_no_content_persistence,S2,age_temporal,0,cf_rmse_age,0.3349663872107739,0.3349637040970936,2.6831136802907274e-06
C04_no_content_persistence,S2,age_temporal,0,cf_rmse_lag,0.31969550813961284,0.31969240871968735,3.099419925489677e-06
C04_no_content_persistence,S2,age_temporal,0,content_free_lambda_corr,-0.9634223136836249,-0.963416017211494,-6.296472130906672e-06
C04_no_content_persistence,S2,age_temporal,0,content_free_lambda_rmse,0.8286996479651079,0.8286996495976233,-1.6325154561513955e-09
C04_no_content_persistence,S2,age_temporal,0,delta_bce_beta0,4.5799787951050774e-07,4.5707665874417103e-07,9.212207663367167e-10
C04_no_content_persistence,S2,age_temporal,0,delta_bce_full_age_shuffle,-0.004602022380381876,-0.0046020737286723845,5.134829050845724e-08
C04_no_content_persistence,S2,age_temporal,0,delta_bce_gate_age_shuffle,3.159639840877304e-07,3.1566178204656126e-07,3.0220204116915284e-10
C04_no_content_persistence,S2,age_temporal,0,gate_signal_correlation,0.5486632286090221,0.5486468029162909,1.642569273119232e-05
C04_no_content_persistence,S2,age_temporal,0,gate_signal_mae,0.22348967972921394,0.22347740127719376,1.2278452020175745e-05
C04_no_content_persistence,S2,age_temporal,0,gate_signal_rmse,0.2898049995413841,0.2897745048090656,3.049473231853117e-05
C04_no_content_persistence,S2,age_temporal,0,surface_rmse,0.34932545034909,0.34932312431725876,2.326031831256792e-06
C04_no_content_persistence,S2,matched,0,delta_auprc_at_minus_to,-2.7385725581974274e-06,1.9857545136836574e-06,-4.724327071881085e-06
C04_no_content_persistence,S2,matched,0,delta_auroc_at_minus_to,-5.174972281585255e-06,-1.293743070451825e-06,-3.88122921113343e-06
C04_no_content_persistence,S2,matched,0,delta_bce_to_minus_at,4.531689092868163e-07,4.524914218873022e-07,6.774873995141206e-10
C04_no_content_persistence,S2,temporal_only,0,abs_beta_mean,0.0,0.0,0.0
C04_no_content_persistence,S2,temporal_only,0,auprc,0.2414047700734022,0.24140280277719955,1.9672962026373586e-06
C04_no_content_persistence,S2,temporal_only,0,auroc,0.49013068098754,0.4901280935013992,2.5874861407926275e-06
C04_no_content_persistence,S2,temporal_only,0,bce,0.7488912330707007,0.7488857793435687,5.453727132009867e-06
C04_no_content_persistence,S2,temporal_only,0,beta_mean,0.0,0.0,0.0
C04_no_content_persistence,S2,temporal_only,0,cf_rmse_age,0.33496722080073627,0.33496454718814883,2.6736125874338157e-06
C04_no_content_persistence,S2,temporal_only,0,cf_rmse_lag,0.3196957775051345,0.31969267751750874,3.0999876257653547e-06
C04_no_content_persistence,S2,temporal_only,0,content_free_lambda_rmse,0.8285387712424283,0.8285387892997953,-1.8057367046075967e-08
C04_no_content_persistence,S2,temporal_only,0,delta_bce_beta0,0.0,0.0,0.0
C04_no_content_persistence,S2,temporal_only,0,delta_bce_full_age_shuffle,-0.004602110883002775,-0.004602162261406972,5.137840419777717e-08
C04_no_content_persistence,S2,temporal_only,0,delta_bce_gate_age_shuffle,0.0,0.0,0.0
C04_no_content_persistence,S2,temporal_only,0,gate_signal_correlation,0.5488766857474555,0.5488602909280664,1.6394819389087267e-05
C04_no_content_persistence,S2,temporal_only,0,gate_signal_mae,0.223442182620902,0.22342989998626692,1.2282634635096823e-05
C04_no_content_persistence,S2,temporal_only,0,gate_signal_rmse,0.28975245257680604,0.2897219590419893,3.0493534816766754e-05
C04_no_content_persistence,S2,temporal_only,0,surface_rmse,0.3493263295725544,0.3493240035849103,2.325987644102856e-06
C05_shared_beta_mixture,S2,age_temporal,0,abs_beta_mean,0.0005757703329436481,0.0005757106118835509,5.972106009721756e-08
C05_shared_beta_mixture,S2,age_temporal,0,auprc,0.241402031500844,0.24140478853171324,-2.757030869243726e-06
C05_shared_beta_mixture,S2,age_temporal,0,auroc,0.4901255060152584,0.49012679975832874,-1.2937430703408026e-06
C05_shared_beta_mixture,S2,age_temporal,0,bce,0.7488907801525502,0.7488853268521468,5.453300403357453e-06
C05_shared_beta_mixture,S2,age_temporal,0,beta_mean,0.0005757703329436481,0.0005757106118835509,5.972106009721756e-08
C05_shared_beta_mixture,S2,age_temporal,0,cf_rmse_age,0.33496638817369134,0.3349637040970936,2.684076597758711e-06
C05_shared_beta_mixture,S2,age_temporal,0,cf_rmse_lag,0.319695506941063,0.31969240871968735,3.0982213756747257e-06
C05_shared_beta_mixture,S2,age_temporal,0,delta_bce_beta0,4.579849962604854e-07,4.5707665874417103e-07,9.083375163143614e-10
C05_shared_beta_mixture,S2,age_temporal,0,delta_bce_full_age_shuffle,-0.004602022689964791,-0.0046020737286723845,5.1038707593598076e-08
C05_shared_beta_mixture,S2,age_temporal,0,delta_bce_gate_age_shuffle,3.1569724900926133e-07,3.1566178204656126e-07,3.5466962700070326e-11
C05_shared_beta_mixture,S2,age_temporal,0,gate_signal_correlation,0.5486632282647721,0.5486468029162909,1.642534848123045e-05
C05_shared_beta_mixture,S2,age_temporal,0,gate_signal_mae,0.22348967764267028,0.22347740127719376,1.2276365476515672e-05
C05_shared_beta_mixture,S2,age_temporal,0,gate_signal_rmse,0.28980499709085206,0.2897745048090656,3.0492281786476116e-05
C05_shared_beta_mixture,S2,age_temporal,0,surface_rmse,0.3493254492190007,0.34932312431725876,2.324901741956875e-06
C05_shared_beta_mixture,S2,matched,0,delta_auprc_at_minus_to,-2.7385725581974274e-06,1.9857545136836574e-06,-4.724327071881085e-06
C05_shared_beta_mixture,S2,matched,0,delta_auroc_at_minus_to,-5.174972281585255e-06,-1.293743070451825e-06,-3.88122921113343e-06
C05_shared_beta_mixture,S2,matched,0,delta_bce_to_minus_at,4.526715597918951e-07,4.524914218873022e-07,1.8013790459292522e-10
C05_shared_beta_mixture,S2,temporal_only,0,abs_beta_mean,0.0,0.0,0.0
C05_shared_beta_mixture,S2,temporal_only,0,auprc,0.2414047700734022,0.24140280277719955,1.9672962026373586e-06
C05_shared_beta_mixture,S2,temporal_only,0,auroc,0.49013068098754,0.4901280935013992,2.5874861407926275e-06
C05_shared_beta_mixture,S2,temporal_only,0,bce,0.74889123282411,0.7488857793435687,5.453480541262046e-06
C05_shared_beta_mixture,S2,temporal_only,0,beta_mean,0.0,0.0,0.0
C05_shared_beta_mixture,S2,temporal_only,0,cf_rmse_age,0.3349672200409879,0.33496454718814883,2.6728528390584927e-06
C05_shared_beta_mixture,S2,temporal_only,0,cf_rmse_lag,0.31969578117843384,0.31969267751750874,3.1036609250967295e-06
C05_shared_beta_mixture,S2,temporal_only,0,delta_bce_beta0,0.0,0.0,0.0
C05_shared_beta_mixture,S2,temporal_only,0,delta_bce_full_age_shuffle,-0.004602110911883672,-0.004602162261406972,5.134952330010378e-08
C05_shared_beta_mixture,S2,temporal_only,0,delta_bce_gate_age_shuffle,0.0,0.0,0.0
C05_shared_beta_mixture,S2,temporal_only,0,gate_signal_correlation,0.5488766859220593,0.5488602909280664,1.639499399286315e-05
C05_shared_beta_mixture,S2,temporal_only,0,gate_signal_mae,0.2234421818110563,0.22342989998626692,1.228182478937856e-05
C05_shared_beta_mixture,S2,temporal_only,0,gate_signal_rmse,0.2897524511866159,0.2897219590419893,3.0492144626637074e-05
C05_shared_beta_mixture,S2,temporal_only,0,surface_rmse,0.3493263299016723,0.3493240035849103,2.326316762002456e-06
C06_component_beta_mixture,S2,age_temporal,0,abs_beta_mean,0.0005757619510404766,0.0005757106118835509,5.133915692567825e-08
C06_component_beta_mixture,S2,age_temporal,0,auprc,0.241402031500844,0.24140478853171324,-2.757030869243726e-06
C06_component_beta_mixture,S2,age_temporal,0,auroc,0.4901255060152584,0.49012679975832874,-1.2937430703408026e-06
C06_component_beta_mixture,S2,age_temporal,0,bce,0.7488907802175158,0.7488853268521468,5.453365368945917e-06
C06_component_beta_mixture,S2,age_temporal,0,beta_mean,0.0005757619510404766,0.0005757106118835509,5.133915692567825e-08
C06_component_beta_mixture,S2,age_temporal,0,cf_rmse_age,0.33496638817369134,0.3349637040970936,2.684076597758711e-06
C06_component_beta_mixture,S2,age_temporal,0,cf_rmse_lag,0.319695506941063,0.31969240871968735,3.0982213756747257e-06
C06_component_beta_mixture,S2,age_temporal,0,delta_bce_beta0,4.5792003067202103e-07,4.5707665874417103e-07,8.433719278500007e-10
C06_component_beta_mixture,S2,age_temporal,0,delta_bce_full_age_shuffle,-0.004602022743497636,-0.0046020737286723845,5.09851747487744e-08
C06_component_beta_mixture,S2,age_temporal,0,delta_bce_gate_age_shuffle,3.1563292290925915e-07,3.1566178204656126e-07,-2.885913730210632e-11
C06_component_beta_mixture,S2,age_temporal,0,gate_signal_correlation,0.5486632301068065,0.5486468029162909,1.642719051564434e-05
C06_component_beta_mixture,S2,age_temporal,0,gate_signal_mae,0.22348967717581802,0.22347740127719376,1.227589862426437e-05
C06_component_beta_mixture,S2,age_temporal,0,gate_signal_rmse,0.28980499670073506,0.2897745048090656,3.0491891669481852e-05
C06_component_beta_mixture,S2,age_temporal,0,surface_rmse,0.3493254492190007,0.34932312431725876,2.324901741956875e-06
C06_component_beta_mixture,S2,matched,0,delta_auprc_at_minus_to,-2.7385725581974274e-06,1.9857545136836574e-06,-4.724327071881085e-06
C06_component_beta_mixture,S2,matched,0,delta_auroc_at_minus_to,-5.174972281585255e-06,-1.293743070451825e-06,-3.88122921113343e-06
C06_component_beta_mixture,S2,matched,0,delta_bce_to_minus_at,4.5260659420343075e-07,4.524914218873022e-07,1.1517231612856449e-10
C06_component_beta_mixture,S2,temporal_only,0,abs_beta_mean,0.0,0.0,0.0
C06_component_beta_mixture,S2,temporal_only,0,auprc,0.2414047700734022,0.24140280277719955,1.9672962026373586e-06
C06_component_beta_mixture,S2,temporal_only,0,auroc,0.49013068098754,0.4901280935013992,2.5874861407926275e-06
C06_component_beta_mixture,S2,temporal_only,0,bce,0.74889123282411,0.7488857793435687,5.453480541262046e-06
C06_component_beta_mixture,S2,temporal_only,0,beta_mean,0.0,0.0,0.0
C06_component_beta_mixture,S2,temporal_only,0,cf_rmse_age,0.3349672200409879,0.33496454718814883,2.6728528390584927e-06
C06_component_beta_mixture,S2,temporal_only,0,cf_rmse_lag,0.31969578117843384,0.31969267751750874,3.1036609250967295e-06
C06_component_beta_mixture,S2,temporal_only,0,delta_bce_beta0,0.0,0.0,0.0
C06_component_beta_mixture,S2,temporal_only,0,delta_bce_full_age_shuffle,-0.004602110911883672,-0.004602162261406972,5.134952330010378e-08
C06_component_beta_mixture,S2,temporal_only,0,delta_bce_gate_age_shuffle,0.0,0.0,0.0
C06_component_beta_mixture,S2,temporal_only,0,gate_signal_correlation,0.5488766859220593,0.5488602909280664,1.639499399286315e-05
C06_component_beta_mixture,S2,temporal_only,0,gate_signal_mae,0.2234421818110563,0.22342989998626692,1.228182478937856e-05
C06_component_beta_mixture,S2,temporal_only,0,gate_signal_rmse,0.2897524511866159,0.2897219590419893,3.0492144626637074e-05
C06_component_beta_mixture,S2,temporal_only,0,surface_rmse,0.3493263299016723,0.3493240035849103,2.326316762002456e-06
